danceability,energy,key,loudness,mode,speechiness,acousticness,instrumentalness,liveness,valence,tempo,type,id,uri,track_href,analysis_url,duration_ms,time_signature
0.761,0.525,11,-6.9,1,0.0944,0.44,6.7e-06,0.0921,0.531,80.87,audio_features,02MWAaffLxlfxAUY7c5dvx,spotify:track:02MWAaffLxlfxAUY7c5dvx,https://api.spotify.com/v1/tracks/02MWAaffLxlfxAUY7c5dvx,https://api.spotify.com/v1/audio-analysis/02MWAaffLxlfxAUY7c5dvx,238805,4
0.52,0.731,6,-5.338,0,0.0557,0.342,0.00101,0.311,0.662,173.93,audio_features,4LRPiXqCikLlN15c3yImP7,spotify:track:4LRPiXqCikLlN15c3yImP7,https://api.spotify.com/v1/tracks/4LRPiXqCikLlN15c3yImP7,https://api.spotify.com/v1/audio-analysis/4LRPiXqCikLlN15c3yImP7,167303,4
0.591,0.764,1,-5.484,1,0.0483,0.0383,0.0,0.103,0.478,169.928,audio_features,5HCyWlXZPP0y6Gqq8TgA20,spotify:track:5HCyWlXZPP0y6Gqq8TgA20,https://api.spotify.com/v1/tracks/5HCyWlXZPP0y6Gqq8TgA20,https://api.spotify.com/v1/audio-analysis/5HCyWlXZPP0y6Gqq8TgA20,141806,4
0.604,0.366,5,-7.519,1,0.0282,0.578,0.0,0.133,0.13,141.981,audio_features,0gplL1WMoJ6iYaPgMCL0gX,spotify:track:0gplL1WMoJ6iYaPgMCL0gX,https://api.spotify.com/v1/tracks/0gplL1WMoJ6iYaPgMCL0gX,https://api.spotify.com/v1/audio-analysis/0gplL1WMoJ6iYaPgMCL0gX,224695,4
0.788,0.859,2,-2.724,1,0.0856,0.281,0.0,0.0424,0.822,141.02,audio_features,50nfwKoDiSYg8zOCREWAm5,spotify:track:50nfwKoDiSYg8zOCREWAm5,https://api.spotify.com/v1/tracks/50nfwKoDiSYg8zOCREWAm5,https://api.spotify.com/v1/audio-analysis/50nfwKoDiSYg8zOCREWAm5,207853,4
0.902,0.582,5,-5.902,0,0.109,0.111,3.18e-06,0.111,0.332,107.005,audio_features,0wHFktze2PHC5jDt3B17DC,spotify:track:0wHFktze2PHC5jDt3B17DC,https://api.spotify.com/v1/tracks/0wHFktze2PHC5jDt3B17DC,https://api.spotify.com/v1/audio-analysis/0wHFktze2PHC5jDt3B17DC,173948,4
0.935,0.807,11,-3.838,0,0.114,0.0514,0.0,0.349,0.813,106.017,audio_features,6Zu3aw7FfjAF9WA0fA81Oq,spotify:track:6Zu3aw7FfjAF9WA0fA81Oq,https://api.spotify.com/v1/tracks/6Zu3aw7FfjAF9WA0fA81Oq,https://api.spotify.com/v1/audio-analysis/6Zu3aw7FfjAF9WA0fA81Oq,173182,4
0.601,0.741,2,-5.569,1,0.0478,0.185,2.91e-05,0.415,0.441,153.96,audio_features,6I3mqTwhRpn34SLVafSH7G,spotify:track:6I3mqTwhRpn34SLVafSH7G,https://api.spotify.com/v1/tracks/6I3mqTwhRpn34SLVafSH7G,https://api.spotify.com/v1/audio-analysis/6I3mqTwhRpn34SLVafSH7G,153190,4
0.825,0.414,2,-6.634,1,0.144,0.00265,0.0,0.357,0.106,72.993,audio_features,4A8cWXxKfIL3lAyUDzXbCF,spotify:track:4A8cWXxKfIL3lAyUDzXbCF,https://api.spotify.com/v1/tracks/4A8cWXxKfIL3lAyUDzXbCF,https://api.spotify.com/v1/audio-analysis/4A8cWXxKfIL3lAyUDzXbCF,200548,4
0.796,0.798,1,-6.312,1,0.0317,0.034,4.19e-05,0.0952,0.942,116.032,audio_features,6zSpb8dQRaw0M1dK8PBwQz,spotify:track:6zSpb8dQRaw0M1dK8PBwQz,https://api.spotify.com/v1/tracks/6zSpb8dQRaw0M1dK8PBwQz,https://api.spotify.com/v1/audio-analysis/6zSpb8dQRaw0M1dK8PBwQz,202735,4
0.463,0.642,1,-4.474,1,0.34,0.314,0.0,0.0686,0.339,83.389,audio_features,59nOXPmaKlBfGMDeOVGrIK,spotify:track:59nOXPmaKlBfGMDeOVGrIK,https://api.spotify.com/v1/tracks/59nOXPmaKlBfGMDeOVGrIK,https://api.spotify.com/v1/audio-analysis/59nOXPmaKlBfGMDeOVGrIK,189893,4
0.836,0.743,10,-6.305,0,0.0656,0.0995,0.0,0.335,0.722,108.966,audio_features,1PckUlxKqWQs3RlWXVBLw3,spotify:track:1PckUlxKqWQs3RlWXVBLw3,https://api.spotify.com/v1/tracks/1PckUlxKqWQs3RlWXVBLw3,https://api.spotify.com/v1/audio-analysis/1PckUlxKqWQs3RlWXVBLw3,191822,4
0.807,0.893,11,-3.745,0,0.0347,0.0451,2.79e-05,0.366,0.537,126.011,audio_features,3rmo8F54jFF8OgYsqTxm5d,spotify:track:3rmo8F54jFF8OgYsqTxm5d,https://api.spotify.com/v1/tracks/3rmo8F54jFF8OgYsqTxm5d,https://api.spotify.com/v1/audio-analysis/3rmo8F54jFF8OgYsqTxm5d,230747,4
0.737,0.846,1,-4.51,0,0.22,0.00614,0.0,0.0486,0.546,87.981,audio_features,0e8nrvls4Qqv5Rfa2UhqmO,spotify:track:0e8nrvls4Qqv5Rfa2UhqmO,https://api.spotify.com/v1/tracks/0e8nrvls4Qqv5Rfa2UhqmO,https://api.spotify.com/v1/audio-analysis/0e8nrvls4Qqv5Rfa2UhqmO,143901,4
0.728,0.783,11,-4.424,0,0.266,0.237,0.0,0.434,0.555,77.011,audio_features,3CIyK1V4JEJkg02E4EJnDl,spotify:track:3CIyK1V4JEJkg02E4EJnDl,https://api.spotify.com/v1/tracks/3CIyK1V4JEJkg02E4EJnDl,https://api.spotify.com/v1/audio-analysis/3CIyK1V4JEJkg02E4EJnDl,173381,4
0.736,0.704,3,-7.409,0,0.0615,0.0203,0.0,0.0501,0.894,149.995,audio_features,27NovPIUIRrOZoCHxABJwK,spotify:track:27NovPIUIRrOZoCHxABJwK,https://api.spotify.com/v1/tracks/27NovPIUIRrOZoCHxABJwK,https://api.spotify.com/v1/audio-analysis/27NovPIUIRrOZoCHxABJwK,212000,4
0.695,0.54,4,-5.692,1,0.0493,0.299,0.0,0.367,0.415,121.932,audio_features,4fouWK6XVHhzl78KzQ1UjL,spotify:track:4fouWK6XVHhzl78KzQ1UjL,https://api.spotify.com/v1/tracks/4fouWK6XVHhzl78KzQ1UjL,https://api.spotify.com/v1/audio-analysis/4fouWK6XVHhzl78KzQ1UjL,168602,4
0.664,0.609,1,-6.509,1,0.0707,0.304,0.0,0.0926,0.194,130.041,audio_features,3Vi5XqYrmQgOYBajMWSvCi,spotify:track:3Vi5XqYrmQgOYBajMWSvCi,https://api.spotify.com/v1/tracks/3Vi5XqYrmQgOYBajMWSvCi,https://api.spotify.com/v1/audio-analysis/3Vi5XqYrmQgOYBajMWSvCi,210560,4
0.505,0.657,11,-5.24,0,0.0318,0.373,0.00107,0.126,0.252,196.0,audio_features,3cBsEDNhFI9E82vPj3kvi3,spotify:track:3cBsEDNhFI9E82vPj3kvi3,https://api.spotify.com/v1/tracks/3cBsEDNhFI9E82vPj3kvi3,https://api.spotify.com/v1/audio-analysis/3cBsEDNhFI9E82vPj3kvi3,178520,3
0.911,0.712,1,-5.105,0,0.0817,0.0901,2.68e-05,0.0933,0.425,92.005,audio_features,6Sq7ltF9Qa7SNFBsV5Cogx,spotify:track:6Sq7ltF9Qa7SNFBsV5Cogx,https://api.spotify.com/v1/tracks/6Sq7ltF9Qa7SNFBsV5Cogx,https://api.spotify.com/v1/audio-analysis/6Sq7ltF9Qa7SNFBsV5Cogx,178567,4
0.824,0.764,5,-4.175,0,0.0854,0.0888,0.00294,0.117,0.881,107.998,audio_features,6Uj1ctrBOjOas8xZXGqKk4,spotify:track:6Uj1ctrBOjOas8xZXGqKk4,https://api.spotify.com/v1/tracks/6Uj1ctrBOjOas8xZXGqKk4,https://api.spotify.com/v1/audio-analysis/6Uj1ctrBOjOas8xZXGqKk4,172627,4
0.65,0.715,5,-5.198,0,0.253,0.0993,0.000291,0.126,0.187,106.672,audio_features,1IHWl5LamUGEuP4ozKQSXZ,spotify:track:1IHWl5LamUGEuP4ozKQSXZ,https://api.spotify.com/v1/tracks/1IHWl5LamUGEuP4ozKQSXZ,https://api.spotify.com/v1/audio-analysis/1IHWl5LamUGEuP4ozKQSXZ,243717,4
0.625,0.533,10,-11.903,0,0.0596,0.659,0.00266,0.0546,0.139,108.296,audio_features,29d0nY7TzCoi22XBqDQkiP,spotify:track:29d0nY7TzCoi22XBqDQkiP,https://api.spotify.com/v1/tracks/29d0nY7TzCoi22XBqDQkiP,https://api.spotify.com/v1/audio-analysis/29d0nY7TzCoi22XBqDQkiP,300840,4
0.577,0.45,0,-8.516,0,0.0834,0.357,0.0,0.111,0.83,205.863,audio_features,52xJxFP6TqMuO4Yt0eOkMz,spotify:track:52xJxFP6TqMuO4Yt0eOkMz,https://api.spotify.com/v1/tracks/52xJxFP6TqMuO4Yt0eOkMz,https://api.spotify.com/v1/audio-analysis/52xJxFP6TqMuO4Yt0eOkMz,216120,4
0.714,0.728,10,-4.595,1,0.0468,0.298,0.0,0.106,0.901,114.996,audio_features,1qEmFfgcLObUfQm0j1W2CK,spotify:track:1qEmFfgcLObUfQm0j1W2CK,https://api.spotify.com/v1/tracks/1qEmFfgcLObUfQm0j1W2CK,https://api.spotify.com/v1/audio-analysis/1qEmFfgcLObUfQm0j1W2CK,177955,4
0.733,0.67,5,-6.009,1,0.0751,0.121,0.0,0.121,0.472,100.964,audio_features,0O6u0VJ46W86TxN9wgyqDj,spotify:track:0O6u0VJ46W86TxN9wgyqDj,https://api.spotify.com/v1/tracks/0O6u0VJ46W86TxN9wgyqDj,https://api.spotify.com/v1/audio-analysis/0O6u0VJ46W86TxN9wgyqDj,192841,4
0.731,0.85,9,-4.913,1,0.0336,0.252,0.0,0.605,0.644,119.706,audio_features,5uU1uuyaUIBOiiUSQG7Wl3,spotify:track:5uU1uuyaUIBOiiUSQG7Wl3,https://api.spotify.com/v1/tracks/5uU1uuyaUIBOiiUSQG7Wl3,https://api.spotify.com/v1/audio-analysis/5uU1uuyaUIBOiiUSQG7Wl3,157478,4
0.686,0.507,1,-7.097,1,0.0357,0.626,7.51e-05,0.383,0.69,168.955,audio_features,5CM4UuQ9Gnd6K2YyKGPMoK,spotify:track:5CM4UuQ9Gnd6K2YyKGPMoK,https://api.spotify.com/v1/tracks/5CM4UuQ9Gnd6K2YyKGPMoK,https://api.spotify.com/v1/audio-analysis/5CM4UuQ9Gnd6K2YyKGPMoK,232115,4
0.768,0.714,10,-5.11,1,0.0401,0.352,0.0,0.15,0.842,131.443,audio_features,4h4QlmocP3IuwYEj2j14p8,spotify:track:4h4QlmocP3IuwYEj2j14p8,https://api.spotify.com/v1/tracks/4h4QlmocP3IuwYEj2j14p8,https://api.spotify.com/v1/audio-analysis/4h4QlmocP3IuwYEj2j14p8,163026,4
0.687,0.781,1,-4.806,1,0.053,0.0361,0.0,0.0755,0.688,97.014,audio_features,3Z9iVaKGEDZtd6jvzuoF0e,spotify:track:3Z9iVaKGEDZtd6jvzuoF0e,https://api.spotify.com/v1/tracks/3Z9iVaKGEDZtd6jvzuoF0e,https://api.spotify.com/v1/audio-analysis/3Z9iVaKGEDZtd6jvzuoF0e,193507,4
0.563,0.664,9,-5.044,1,0.154,0.335,0.0,0.0849,0.688,166.928,audio_features,4ZtFanR9U6ndgddUvNcjcG,spotify:track:4ZtFanR9U6ndgddUvNcjcG,https://api.spotify.com/v1/tracks/4ZtFanR9U6ndgddUvNcjcG,https://api.spotify.com/v1/audio-analysis/4ZtFanR9U6ndgddUvNcjcG,178147,4
0.742,0.527,8,-6.892,0,0.0769,0.327,0.0,0.25,0.638,84.974,audio_features,3o9kpgkIcffx0iSwxhuNI2,spotify:track:3o9kpgkIcffx0iSwxhuNI2,https://api.spotify.com/v1/tracks/3o9kpgkIcffx0iSwxhuNI2,https://api.spotify.com/v1/audio-analysis/3o9kpgkIcffx0iSwxhuNI2,169238,4
0.529,0.673,0,-4.711,1,0.175,0.000307,2.41e-06,0.093,0.366,165.921,audio_features,3F5CgOj3wFlRv51JsHbxhe,spotify:track:3F5CgOj3wFlRv51JsHbxhe,https://api.spotify.com/v1/tracks/3F5CgOj3wFlRv51JsHbxhe,https://api.spotify.com/v1/audio-analysis/3F5CgOj3wFlRv51JsHbxhe,218365,4
0.504,0.799,1,-5.347,1,0.0427,0.0621,0.0,0.109,0.398,160.088,audio_features,7aONQhPBAugKunRUV1liCV,spotify:track:7aONQhPBAugKunRUV1liCV,https://api.spotify.com/v1/tracks/7aONQhPBAugKunRUV1liCV,https://api.spotify.com/v1/audio-analysis/7aONQhPBAugKunRUV1liCV,219533,4
0.647,0.765,1,-6.459,1,0.06,0.111,0.0,0.315,0.855,79.994,audio_features,58UKC45GPNTflCN6nwCUeF,spotify:track:58UKC45GPNTflCN6nwCUeF,https://api.spotify.com/v1/tracks/58UKC45GPNTflCN6nwCUeF,https://api.spotify.com/v1/audio-analysis/58UKC45GPNTflCN6nwCUeF,161853,4
0.608,0.745,1,-4.13,1,0.0277,0.0226,6.47e-06,0.0942,0.464,102.025,audio_features,48UKTR66uUOT9LaUvooTNx,spotify:track:48UKTR66uUOT9LaUvooTNx,https://api.spotify.com/v1/tracks/48UKTR66uUOT9LaUvooTNx,https://api.spotify.com/v1/audio-analysis/48UKTR66uUOT9LaUvooTNx,224427,4
0.711,0.493,5,-6.991,1,0.0357,0.688,1.9e-05,0.0828,0.783,139.994,audio_features,29kUiQdEvB9q7joHiYZNJ3,spotify:track:29kUiQdEvB9q7joHiYZNJ3,https://api.spotify.com/v1/tracks/29kUiQdEvB9q7joHiYZNJ3,https://api.spotify.com/v1/audio-analysis/29kUiQdEvB9q7joHiYZNJ3,149234,4
0.693,0.887,1,-5.039,0,0.0795,0.0581,2.71e-06,0.27,0.864,114.942,audio_features,5pyoxDZ1PX0KxBxiRVxA4U,spotify:track:5pyoxDZ1PX0KxBxiRVxA4U,https://api.spotify.com/v1/tracks/5pyoxDZ1PX0KxBxiRVxA4U,https://api.spotify.com/v1/audio-analysis/5pyoxDZ1PX0KxBxiRVxA4U,278282,4
0.369,0.192,4,-12.151,0,0.04,0.555,8.35e-06,0.0954,0.148,175.212,audio_features,3WMj8moIAXJhHsyLaqIIHI,spotify:track:3WMj8moIAXJhHsyLaqIIHI,https://api.spotify.com/v1/tracks/3WMj8moIAXJhHsyLaqIIHI,https://api.spotify.com/v1/audio-analysis/3WMj8moIAXJhHsyLaqIIHI,228013,3
0.68,0.826,0,-5.487,1,0.0309,0.0212,1.24e-05,0.543,0.644,118.051,audio_features,5QO79kh1waicV47BqGRL3g,spotify:track:5QO79kh1waicV47BqGRL3g,https://api.spotify.com/v1/tracks/5QO79kh1waicV47BqGRL3g,https://api.spotify.com/v1/audio-analysis/5QO79kh1waicV47BqGRL3g,215627,4
0.627,0.618,2,-8.529,1,0.0437,0.0558,0.0,0.351,0.848,82.03,audio_features,1oERlssLrpssCAY6Yqqs6c,spotify:track:1oERlssLrpssCAY6Yqqs6c,https://api.spotify.com/v1/tracks/1oERlssLrpssCAY6Yqqs6c,https://api.spotify.com/v1/audio-analysis/1oERlssLrpssCAY6Yqqs6c,197443,4
0.702,0.825,6,-3.787,0,0.0601,0.00883,0.0,0.0674,0.915,102.977,audio_features,5nujrmhLynf4yMoMtj8AQF,spotify:track:5nujrmhLynf4yMoMtj8AQF,https://api.spotify.com/v1/tracks/5nujrmhLynf4yMoMtj8AQF,https://api.spotify.com/v1/audio-analysis/5nujrmhLynf4yMoMtj8AQF,203064,4
0.626,0.583,4,-6.102,0,0.334,0.0279,0.0,0.112,0.133,113.42,audio_features,31lopd32BkJBTSgYE16c5e,spotify:track:31lopd32BkJBTSgYE16c5e,https://api.spotify.com/v1/tracks/31lopd32BkJBTSgYE16c5e,https://api.spotify.com/v1/audio-analysis/31lopd32BkJBTSgYE16c5e,200471,5
0.804,0.674,5,-5.453,0,0.0333,0.294,1.18e-06,0.115,0.292,99.968,audio_features,6Xom58OOXk2SoU711L2IXO,spotify:track:6Xom58OOXk2SoU711L2IXO,https://api.spotify.com/v1/tracks/6Xom58OOXk2SoU711L2IXO,https://api.spotify.com/v1/audio-analysis/6Xom58OOXk2SoU711L2IXO,245940,4
0.828,0.621,8,-6.414,1,0.0565,0.0164,0.00233,0.0845,0.436,128.986,audio_features,0k4d5YPDr1r7FX77VdqWez,spotify:track:0k4d5YPDr1r7FX77VdqWez,https://api.spotify.com/v1/tracks/0k4d5YPDr1r7FX77VdqWez,https://api.spotify.com/v1/audio-analysis/0k4d5YPDr1r7FX77VdqWez,186173,4
0.607,0.912,8,-3.449,1,0.0611,0.124,0.0,0.332,0.722,134.944,audio_features,200x8ONbPfFzByUr3fVz46,spotify:track:200x8ONbPfFzByUr3fVz46,https://api.spotify.com/v1/tracks/200x8ONbPfFzByUr3fVz46,https://api.spotify.com/v1/audio-analysis/200x8ONbPfFzByUr3fVz46,206107,4
0.801,0.601,8,-7.574,0,0.255,0.0777,3.23e-05,0.145,0.74,159.969,audio_features,0hquQWY3xvYqN4qtiquniF,spotify:track:0hquQWY3xvYqN4qtiquniF,https://api.spotify.com/v1/tracks/0hquQWY3xvYqN4qtiquniF,https://api.spotify.com/v1/audio-analysis/0hquQWY3xvYqN4qtiquniF,182907,4
0.773,0.422,1,-4.572,0,0.187,0.00783,0.00693,0.129,0.488,77.502,audio_features,3XOalgusokruzA5ZBA2Qcb,spotify:track:3XOalgusokruzA5ZBA2Qcb,https://api.spotify.com/v1/tracks/3XOalgusokruzA5ZBA2Qcb,https://api.spotify.com/v1/audio-analysis/3XOalgusokruzA5ZBA2Qcb,136267,1
0.586,0.559,4,-6.725,1,0.05,0.639,0.0,0.0872,0.437,177.945,audio_features,44H0c5sMJ81Zo0NMkGA0FF,spotify:track:44H0c5sMJ81Zo0NMkGA0FF,https://api.spotify.com/v1/tracks/44H0c5sMJ81Zo0NMkGA0FF,https://api.spotify.com/v1/audio-analysis/44H0c5sMJ81Zo0NMkGA0FF,167480,4
0.533,0.417,7,-8.665,0,0.148,0.514,0.0,0.114,0.376,106.534,audio_features,2aJnyNu4PQxQ2lyj5boiMG,spotify:track:2aJnyNu4PQxQ2lyj5boiMG,https://api.spotify.com/v1/tracks/2aJnyNu4PQxQ2lyj5boiMG,https://api.spotify.com/v1/audio-analysis/2aJnyNu4PQxQ2lyj5boiMG,173907,5
0.345,0.612,7,-6.543,0,0.0608,0.232,0.0,0.194,0.232,179.773,audio_features,59CfNbkERJ3NoTXDvoURjj,spotify:track:59CfNbkERJ3NoTXDvoURjj,https://api.spotify.com/v1/tracks/59CfNbkERJ3NoTXDvoURjj,https://api.spotify.com/v1/audio-analysis/59CfNbkERJ3NoTXDvoURjj,153000,3
0.44,0.317,8,-9.258,1,0.0531,0.891,4.78e-06,0.141,0.268,169.914,audio_features,6xGruZOHLs39ZbVccQTuPZ,spotify:track:6xGruZOHLs39ZbVccQTuPZ,https://api.spotify.com/v1/tracks/6xGruZOHLs39ZbVccQTuPZ,https://api.spotify.com/v1/audio-analysis/6xGruZOHLs39ZbVccQTuPZ,233456,3
0.65,0.584,2,-8.286,1,0.307,0.0174,1.54e-06,0.042,0.37,180.088,audio_features,760jhRscwGbIIe1m1IIQpU,spotify:track:760jhRscwGbIIe1m1IIQpU,https://api.spotify.com/v1/tracks/760jhRscwGbIIe1m1IIQpU,https://api.spotify.com/v1/audio-analysis/760jhRscwGbIIe1m1IIQpU,202227,4
0.524,0.643,9,-6.055,1,0.0297,0.451,0.0,0.221,0.397,135.962,audio_features,5gVCfYmQRPy1QJifP8f5gg,spotify:track:5gVCfYmQRPy1QJifP8f5gg,https://api.spotify.com/v1/tracks/5gVCfYmQRPy1QJifP8f5gg,https://api.spotify.com/v1/audio-analysis/5gVCfYmQRPy1QJifP8f5gg,232059,4
0.727,0.739,8,-3.805,1,0.0411,0.365,0.00137,0.161,0.533,93.005,audio_features,2Xr1dTzJee307rmrkt8c0g,spotify:track:2Xr1dTzJee307rmrkt8c0g,https://api.spotify.com/v1/tracks/2Xr1dTzJee307rmrkt8c0g,https://api.spotify.com/v1/audio-analysis/2Xr1dTzJee307rmrkt8c0g,145800,4
0.95,0.891,2,-2.653,1,0.241,0.0645,1.77e-05,0.309,0.912,133.01,audio_features,4C6Uex2ILwJi9sZXRdmqXp,spotify:track:4C6Uex2ILwJi9sZXRdmqXp,https://api.spotify.com/v1/tracks/4C6Uex2ILwJi9sZXRdmqXp,https://api.spotify.com/v1/audio-analysis/4C6Uex2ILwJi9sZXRdmqXp,170977,4
0.52,0.546,8,-4.991,0,0.213,0.579,0.0,0.112,0.634,137.419,audio_features,3ncmoWTwJgx63LwMTyBCXf,spotify:track:3ncmoWTwJgx63LwMTyBCXf,https://api.spotify.com/v1/tracks/3ncmoWTwJgx63LwMTyBCXf,https://api.spotify.com/v1/audio-analysis/3ncmoWTwJgx63LwMTyBCXf,204317,3
0.403,0.537,3,-6.628,1,0.031,0.59,0.0,0.112,0.414,69.877,audio_features,0uRrG2jRR5tuifsYIJHEao,spotify:track:0uRrG2jRR5tuifsYIJHEao,https://api.spotify.com/v1/tracks/0uRrG2jRR5tuifsYIJHEao,https://api.spotify.com/v1/audio-analysis/0uRrG2jRR5tuifsYIJHEao,202133,4
0.843,0.7,4,-3.563,0,0.0803,0.0934,0.0,0.14,0.899,93.991,audio_features,1ri9ZUkBJVFUdgwzCnfcYs,spotify:track:1ri9ZUkBJVFUdgwzCnfcYs,https://api.spotify.com/v1/tracks/1ri9ZUkBJVFUdgwzCnfcYs,https://api.spotify.com/v1/audio-analysis/1ri9ZUkBJVFUdgwzCnfcYs,226088,4
0.849,0.424,5,-9.579,0,0.324,0.0635,0.0,0.0834,0.153,145.887,audio_features,2BcMwX1MPV6ZHP4tUT9uq6,spotify:track:2BcMwX1MPV6ZHP4tUT9uq6,https://api.spotify.com/v1/tracks/2BcMwX1MPV6ZHP4tUT9uq6,https://api.spotify.com/v1/audio-analysis/2BcMwX1MPV6ZHP4tUT9uq6,242966,4
0.634,0.764,4,-5.858,1,0.0297,0.00354,0.0,0.337,0.736,104.03,audio_features,6aIrXGmaFqPafbYgxbMUsj,spotify:track:6aIrXGmaFqPafbYgxbMUsj,https://api.spotify.com/v1/tracks/6aIrXGmaFqPafbYgxbMUsj,https://api.spotify.com/v1/audio-analysis/6aIrXGmaFqPafbYgxbMUsj,189560,4
0.814,0.628,7,-7.178,1,0.221,0.167,0.0,0.101,0.677,123.977,audio_features,7mFj0LlWtEJaEigguaWqYh,spotify:track:7mFj0LlWtEJaEigguaWqYh,https://api.spotify.com/v1/tracks/7mFj0LlWtEJaEigguaWqYh,https://api.spotify.com/v1/audio-analysis/7mFj0LlWtEJaEigguaWqYh,201334,4
0.87,0.516,1,-8.006,1,0.0541,0.656,0.00823,0.11,0.53,111.005,audio_features,7dSZ6zGTQx66c2GF91xCrb,spotify:track:7dSZ6zGTQx66c2GF91xCrb,https://api.spotify.com/v1/tracks/7dSZ6zGTQx66c2GF91xCrb,https://api.spotify.com/v1/audio-analysis/7dSZ6zGTQx66c2GF91xCrb,210200,4
0.836,0.69,0,-5.816,1,0.123,0.0142,1.22e-05,0.112,0.586,104.004,audio_features,1MZtr7IH5qtjIkqrXj8WOJ,spotify:track:1MZtr7IH5qtjIkqrXj8WOJ,https://api.spotify.com/v1/tracks/1MZtr7IH5qtjIkqrXj8WOJ,https://api.spotify.com/v1/audio-analysis/1MZtr7IH5qtjIkqrXj8WOJ,263293,4
0.336,0.627,7,-7.463,1,0.0384,0.164,0.0,0.0708,0.35,150.273,audio_features,0bYg9bo50gSsH3LtXe2SQn,spotify:track:0bYg9bo50gSsH3LtXe2SQn,https://api.spotify.com/v1/tracks/0bYg9bo50gSsH3LtXe2SQn,https://api.spotify.com/v1/audio-analysis/0bYg9bo50gSsH3LtXe2SQn,241107,4
0.756,0.697,8,-6.377,1,0.0401,0.182,0.0,0.333,0.956,94.996,audio_features,0QBzMgT7NIeoCYy3sJCof1,spotify:track:0QBzMgT7NIeoCYy3sJCof1,https://api.spotify.com/v1/tracks/0QBzMgT7NIeoCYy3sJCof1,https://api.spotify.com/v1/audio-analysis/0QBzMgT7NIeoCYy3sJCof1,206071,4
0.602,0.796,5,-5.609,1,0.0465,0.146,0.0,0.125,0.53,106.005,audio_features,6AqwH2Y9FJwhUE2dCSkw1u,spotify:track:6AqwH2Y9FJwhUE2dCSkw1u,https://api.spotify.com/v1/tracks/6AqwH2Y9FJwhUE2dCSkw1u,https://api.spotify.com/v1/audio-analysis/6AqwH2Y9FJwhUE2dCSkw1u,189780,4
0.912,0.655,8,-6.029,0,0.162,0.315,3.39e-05,0.0894,0.793,91.942,audio_features,0W6I02J9xcqK8MtSeosEXb,spotify:track:0W6I02J9xcqK8MtSeosEXb,https://api.spotify.com/v1/tracks/0W6I02J9xcqK8MtSeosEXb,https://api.spotify.com/v1/audio-analysis/0W6I02J9xcqK8MtSeosEXb,138293,4
0.801,0.475,7,-8.797,0,0.0516,0.141,1.73e-05,0.0639,0.234,98.047,audio_features,5Eax0qFko2dh7Rl2lYs3bx,spotify:track:5Eax0qFko2dh7Rl2lYs3bx,https://api.spotify.com/v1/tracks/5Eax0qFko2dh7Rl2lYs3bx,https://api.spotify.com/v1/audio-analysis/5Eax0qFko2dh7Rl2lYs3bx,213061,4
0.582,0.568,1,-7.3,1,0.0275,0.577,0.0,0.105,0.394,121.991,audio_features,4686eQ81DEswHa90bcdlC9,spotify:track:4686eQ81DEswHa90bcdlC9,https://api.spotify.com/v1/tracks/4686eQ81DEswHa90bcdlC9,https://api.spotify.com/v1/audio-analysis/4686eQ81DEswHa90bcdlC9,207541,3
0.593,0.552,1,-5.838,1,0.028,0.18,1.71e-05,0.11,0.39,115.0,audio_features,4GyD3o5hWoyCuYpdlzZlRL,spotify:track:4GyD3o5hWoyCuYpdlzZlRL,https://api.spotify.com/v1/tracks/4GyD3o5hWoyCuYpdlzZlRL,https://api.spotify.com/v1/audio-analysis/4GyD3o5hWoyCuYpdlzZlRL,254181,4
0.534,0.725,1,-3.906,1,0.046,0.091,0.0,0.0264,0.55,88.098,audio_features,3Kkjo3cT83cw09VJyrLNwX,spotify:track:3Kkjo3cT83cw09VJyrLNwX,https://api.spotify.com/v1/tracks/3Kkjo3cT83cw09VJyrLNwX,https://api.spotify.com/v1/audio-analysis/3Kkjo3cT83cw09VJyrLNwX,225149,4
0.717,0.671,0,-5.077,0,0.0337,0.0018,2.54e-06,0.0921,0.699,110.054,audio_features,6FHdy1VM3i6oVbvPO2DVAR,spotify:track:6FHdy1VM3i6oVbvPO2DVAR,https://api.spotify.com/v1/tracks/6FHdy1VM3i6oVbvPO2DVAR,https://api.spotify.com/v1/audio-analysis/6FHdy1VM3i6oVbvPO2DVAR,160657,4
0.773,0.47,2,-7.93,1,0.0299,0.0153,0.000198,0.0851,0.399,94.995,audio_features,3D7BpZ01kLRcjTGelbu83N,spotify:track:3D7BpZ01kLRcjTGelbu83N,https://api.spotify.com/v1/tracks/3D7BpZ01kLRcjTGelbu83N,https://api.spotify.com/v1/audio-analysis/3D7BpZ01kLRcjTGelbu83N,162680,4
0.56,0.473,5,-7.23,1,0.0533,0.618,0.0,0.31,0.441,109.414,audio_features,3yMC1KsTwh0ceXdIe4QQAQ,spotify:track:3yMC1KsTwh0ceXdIe4QQAQ,https://api.spotify.com/v1/tracks/3yMC1KsTwh0ceXdIe4QQAQ,https://api.spotify.com/v1/audio-analysis/3yMC1KsTwh0ceXdIe4QQAQ,175345,4
0.631,0.518,0,-8.771,1,0.0303,0.274,0.0,0.088,0.205,93.023,audio_features,5enxwA8aAbwZbf5qCHORXi,spotify:track:5enxwA8aAbwZbf5qCHORXi,https://api.spotify.com/v1/tracks/5enxwA8aAbwZbf5qCHORXi,https://api.spotify.com/v1/audio-analysis/5enxwA8aAbwZbf5qCHORXi,613027,4
0.829,0.799,9,-5.389,1,0.0897,0.0151,0.000543,0.242,0.471,97.013,audio_features,4tYFy8ALRjIZvnvSLw5lxN,spotify:track:4tYFy8ALRjIZvnvSLw5lxN,https://api.spotify.com/v1/tracks/4tYFy8ALRjIZvnvSLw5lxN,https://api.spotify.com/v1/audio-analysis/4tYFy8ALRjIZvnvSLw5lxN,227629,4
0.564,0.903,5,-3.221,1,0.307,0.356,0.0,0.175,0.607,78.293,audio_features,1dm6z1fWB0cErMszU25dy2,spotify:track:1dm6z1fWB0cErMszU25dy2,https://api.spotify.com/v1/tracks/1dm6z1fWB0cErMszU25dy2,https://api.spotify.com/v1/audio-analysis/1dm6z1fWB0cErMszU25dy2,230400,4
0.602,0.477,9,-8.425,1,0.032,0.268,3.1e-05,0.173,0.552,183.89,audio_features,2UikqkwBv7aIvlixeVXHWt,spotify:track:2UikqkwBv7aIvlixeVXHWt,https://api.spotify.com/v1/tracks/2UikqkwBv7aIvlixeVXHWt,https://api.spotify.com/v1/audio-analysis/2UikqkwBv7aIvlixeVXHWt,213493,4
0.589,0.472,8,-8.749,1,0.0502,0.614,0.0,0.505,0.898,67.196,audio_features,2EjXfH91m7f8HiJN1yQg97,spotify:track:2EjXfH91m7f8HiJN1yQg97,https://api.spotify.com/v1/tracks/2EjXfH91m7f8HiJN1yQg97,https://api.spotify.com/v1/audio-analysis/2EjXfH91m7f8HiJN1yQg97,126267,4
0.659,0.745,10,-3.599,1,0.0347,0.0417,0.0,0.296,0.54,74.967,audio_features,3DZ8dbKg4OTSSqGARvecYd,spotify:track:3DZ8dbKg4OTSSqGARvecYd,https://api.spotify.com/v1/tracks/3DZ8dbKg4OTSSqGARvecYd,https://api.spotify.com/v1/audio-analysis/3DZ8dbKg4OTSSqGARvecYd,185600,4
0.559,0.66,7,-4.143,1,0.0512,0.222,0.0,0.193,0.574,163.957,audio_features,2afB4eV1KWBqLqFqME6PTh,spotify:track:2afB4eV1KWBqLqFqME6PTh,https://api.spotify.com/v1/tracks/2afB4eV1KWBqLqFqME6PTh,https://api.spotify.com/v1/audio-analysis/2afB4eV1KWBqLqFqME6PTh,157907,4
0.795,0.526,6,-9.086,0,0.204,0.067,2e-06,0.134,0.194,140.037,audio_features,7ohROa13QK43JBRqfCmz4P,spotify:track:7ohROa13QK43JBRqfCmz4P,https://api.spotify.com/v1/tracks/7ohROa13QK43JBRqfCmz4P,https://api.spotify.com/v1/audio-analysis/7ohROa13QK43JBRqfCmz4P,181393,4
0.883,0.657,8,-5.748,1,0.305,0.0603,0.0,0.128,0.284,124.992,audio_features,1qMMYpVatbRITKCfq1gasi,spotify:track:1qMMYpVatbRITKCfq1gasi,https://api.spotify.com/v1/tracks/1qMMYpVatbRITKCfq1gasi,https://api.spotify.com/v1/audio-analysis/1qMMYpVatbRITKCfq1gasi,172933,4
0.542,0.82,8,-6.073,1,0.0432,0.000682,0.000136,0.0561,0.702,124.85,audio_features,3j1xkzTW8owIphkWV51V9s,spotify:track:3j1xkzTW8owIphkWV51V9s,https://api.spotify.com/v1/tracks/3j1xkzTW8owIphkWV51V9s,https://api.spotify.com/v1/audio-analysis/3j1xkzTW8owIphkWV51V9s,234341,4
0.754,0.424,2,-8.463,1,0.0363,0.643,0.0,0.0652,0.806,119.705,audio_features,7vQbuQcyTflfCIOu3Uzzya,spotify:track:7vQbuQcyTflfCIOu3Uzzya,https://api.spotify.com/v1/tracks/7vQbuQcyTflfCIOu3Uzzya,https://api.spotify.com/v1/audio-analysis/7vQbuQcyTflfCIOu3Uzzya,130973,4
0.647,0.686,3,-5.745,0,0.0413,0.08,1.34e-06,0.528,0.268,79.928,audio_features,3k3NWokhRRkEPhCzPmV8TW,spotify:track:3k3NWokhRRkEPhCzPmV8TW,https://api.spotify.com/v1/tracks/3k3NWokhRRkEPhCzPmV8TW,https://api.spotify.com/v1/audio-analysis/3k3NWokhRRkEPhCzPmV8TW,258299,4
0.582,0.797,5,-4.926,1,0.0334,0.23,0.0,0.132,0.595,135.973,audio_features,3HO30hRbkOLU6ZWERayfQO,spotify:track:3HO30hRbkOLU6ZWERayfQO,https://api.spotify.com/v1/tracks/3HO30hRbkOLU6ZWERayfQO,https://api.spotify.com/v1/audio-analysis/3HO30hRbkOLU6ZWERayfQO,196027,4
0.683,0.375,0,-13.056,1,0.0303,0.579,0.0,0.076,0.888,140.467,audio_features,77khP2fIVhSW23NwxrRluh,spotify:track:77khP2fIVhSW23NwxrRluh,https://api.spotify.com/v1/tracks/77khP2fIVhSW23NwxrRluh,https://api.spotify.com/v1/audio-analysis/77khP2fIVhSW23NwxrRluh,135533,4
0.762,0.701,8,-3.541,1,0.0286,0.235,0.000158,0.123,0.742,110.968,audio_features,748mdHapucXQri7IAO8yFK,spotify:track:748mdHapucXQri7IAO8yFK,https://api.spotify.com/v1/tracks/748mdHapucXQri7IAO8yFK,https://api.spotify.com/v1/audio-analysis/748mdHapucXQri7IAO8yFK,208867,4
0.79,0.325,4,-11.689,1,0.127,0.509,0.0,0.155,0.539,126.877,audio_features,6VVqPBFZIbcmv14zNfOc13,spotify:track:6VVqPBFZIbcmv14zNfOc13,https://api.spotify.com/v1/tracks/6VVqPBFZIbcmv14zNfOc13,https://api.spotify.com/v1/audio-analysis/6VVqPBFZIbcmv14zNfOc13,163311,4
0.469,0.931,0,-4.187,0,0.0563,0.00752,0.0,0.111,0.49,140.059,audio_features,3K51ImeayEMgERmRNjKc3B,spotify:track:3K51ImeayEMgERmRNjKc3B,https://api.spotify.com/v1/tracks/3K51ImeayEMgERmRNjKc3B,https://api.spotify.com/v1/audio-analysis/3K51ImeayEMgERmRNjKc3B,177173,4
0.523,0.64,4,-6.15,1,0.0295,0.0512,5.52e-05,0.0675,0.48,144.022,audio_features,4jp9FimhP2bQ93vR0A5r7b,spotify:track:4jp9FimhP2bQ93vR0A5r7b,https://api.spotify.com/v1/tracks/4jp9FimhP2bQ93vR0A5r7b,https://api.spotify.com/v1/audio-analysis/4jp9FimhP2bQ93vR0A5r7b,230227,4
0.614,0.644,2,-5.372,0,0.0426,0.0134,7.07e-06,0.117,0.651,160.036,audio_features,0IuVhCflrQPMGRrOyoY5RW,spotify:track:0IuVhCflrQPMGRrOyoY5RW,https://api.spotify.com/v1/tracks/0IuVhCflrQPMGRrOyoY5RW,https://api.spotify.com/v1/audio-analysis/0IuVhCflrQPMGRrOyoY5RW,206772,4
0.652,0.813,6,-2.842,1,0.0268,0.00544,0.0,0.101,0.851,102.987,audio_features,0k11c8vwyeNSGQex6UMa1v,spotify:track:0k11c8vwyeNSGQex6UMa1v,https://api.spotify.com/v1/tracks/0k11c8vwyeNSGQex6UMa1v,https://api.spotify.com/v1/audio-analysis/0k11c8vwyeNSGQex6UMa1v,182161,4
0.527,0.461,7,-5.908,1,0.0269,0.118,0.0,0.0831,0.227,128.153,audio_features,2ccuOtUjIyx3tPcsnpeBzJ,spotify:track:2ccuOtUjIyx3tPcsnpeBzJ,https://api.spotify.com/v1/tracks/2ccuOtUjIyx3tPcsnpeBzJ,https://api.spotify.com/v1/audio-analysis/2ccuOtUjIyx3tPcsnpeBzJ,214405,3
0.782,0.733,7,-5.112,1,0.399,0.269,0.0,0.134,0.599,144.098,audio_features,3rF1pPjaDjWuIUCTXpMGIv,spotify:track:3rF1pPjaDjWuIUCTXpMGIv,https://api.spotify.com/v1/tracks/3rF1pPjaDjWuIUCTXpMGIv,https://api.spotify.com/v1/audio-analysis/3rF1pPjaDjWuIUCTXpMGIv,218880,4
0.719,0.454,2,-7.384,1,0.0707,0.0138,4.83e-06,0.318,0.224,131.007,audio_features,3bXRd0yVb5sw2WVblM5URR,spotify:track:3bXRd0yVb5sw2WVblM5URR,https://api.spotify.com/v1/tracks/3bXRd0yVb5sw2WVblM5URR,https://api.spotify.com/v1/audio-analysis/3bXRd0yVb5sw2WVblM5URR,156943,4
0.471,0.846,0,-5.269,1,0.0389,0.00279,2.86e-06,0.145,0.539,100.089,audio_features,4FdPnT2cFrpWCmWZd7GXc3,spotify:track:4FdPnT2cFrpWCmWZd7GXc3,https://api.spotify.com/v1/tracks/4FdPnT2cFrpWCmWZd7GXc3,https://api.spotify.com/v1/audio-analysis/4FdPnT2cFrpWCmWZd7GXc3,213719,4
0.591,0.814,4,-4.986,1,0.0468,0.015,0.0,0.117,0.815,149.9,audio_features,13G5xv1wUKvJYbK0wYmioN,spotify:track:13G5xv1wUKvJYbK0wYmioN,https://api.spotify.com/v1/tracks/13G5xv1wUKvJYbK0wYmioN,https://api.spotify.com/v1/audio-analysis/13G5xv1wUKvJYbK0wYmioN,195760,4
