id_str,username,text,date,user_language,URLs,user_id,followers_count,friends_count,user_location,source_device,retweet_count,reply_count,like_count,text_clean,spotify_URLs
1476296551085400065,UnitedSongBird,"Sung from a viewpoint of a girl with roller skates trying to attract the attention of a boy🎧#Pop single titled ""#Brand New #Key"" was on top of the #Billboard #December29 1971 recorded by American🇺🇸 singer-songwriter musician🎸#Melanie Safka #folk #country https://t.co/tMOrnLh5XI",2021-12-29 20:58:20+00:00,en,['https://open.spotify.com/track/7da5B9d2oVV16YSzXVxmrR?si=651872ea122041f5'],1207779675507953664,2018,1721,United ,"<a href=""https://mobile.twitter.com"" rel=""nofollow"">Twitter Web App</a>",2,0,9,sung from a viewpoint of a girl with roller skates trying to attract the attention of a boypop single titled brand new key was on top of the billboard december29 1971 recorded by american singersongwriter musicianmelanie safka folk country ,['https://open.spotify.com/track/7da5B9d2oVV16YSzXVxmrR?si=651872ea122041f5']
1472590039310041091,reginemaemusic,I’m so proud of you Phi @MSuppasit  it’s still on #Billboard https://t.co/3ggJTs0WsN,2021-12-19 15:29:59+00:00,en,['https://open.spotify.com/track/6ZaKKVN7E8iOP0ZW03w28e?si=2iAdpVADRLi6onA2hv3L3w&context=spotify%3Asearch%3Amew'],106391373,189,17,,"<a href=""http://twitter.com/download/iphone"" rel=""nofollow"">Twitter for iPhone</a>",0,0,0,im so proud of you phi msuppasit its still on billboard ,['https://open.spotify.com/track/6ZaKKVN7E8iOP0ZW03w28e?si=2iAdpVADRLi6onA2hv3L3w&context=spotify%3Asearch%3Amew']
1471634983886671872,BESTY40811412,"#HotTrendingSongs 
#BEFIRST
#Gifted

🎧#Spotify
https://t.co/aOQJjolNCc

Check out ""Gifted."" by BE:FIRST on this week's Hot Trending Songs Powered by Twitter! 
https://t.co/wouZFY4jZQ 
@billboard #Billboard",2021-12-17 00:14:56+00:00,en,"['https://open.spotify.com/track/65AmrrbvmkhGCYWk9xfXPW?si=I9yFyFp1R4qHgLrJI12DKA&context=spotify%3Aplaylist%3A70hVsUjVTl8mrMawPC1f3R', 'https://www.billboard.com/charts/twitter-hot-trending-songs/?rank=8']",1445569190358753283,1233,1309,9/25岡山,"<a href=""http://twitter.com/download/iphone"" rel=""nofollow"">Twitter for iPhone</a>",15,0,15,hottrendingsongs befirst gifted spotify check out gifted by befirst on this weeks hot trending songs powered by twitter billboard billboard,['https://open.spotify.com/track/65AmrrbvmkhGCYWk9xfXPW?si=I9yFyFp1R4qHgLrJI12DKA&context=spotify%3Aplaylist%3A70hVsUjVTl8mrMawPC1f3R']
1470473159619100676,LordGutsy,Lord Guts is aiming for billboard 200 https://t.co/1cuRuvEcW4 #BillboardHotTrending #Billboard200 #Billboard #billboardhot100,2021-12-13 19:18:15+00:00,en,['https://open.spotify.com/track/36KfRFqCOwc7d71jONfHB6?si=aslJPh94T7Kk657cW62kFg&utm_source=copy-link'],955619338484092928,515,270,Bushkill Pennsylvania,"<a href=""http://twitter.com/download/android"" rel=""nofollow"">Twitter for Android</a>",1,0,2,lord guts is aiming for billboard 200 billboardhottrending billboard200 billboard billboardhot100,['https://open.spotify.com/track/36KfRFqCOwc7d71jONfHB6?si=aslJPh94T7Kk657cW62kFg&utm_source=copy-link']
1467793245556154375,GriffinSam_,"Song of the day 

https://t.co/xMGsrhxerk

•
•
•
•
#spotify #itunes #googleplay #applemusic #tidal #deezer #amazonmusic #soundcloud #amazon #iheartradio #newmusic #vevo #beatport #indieartist #datpiff #rhapsody #playlist #billboard #reverbnation #worldstarhiphop",2021-12-06 09:49:14+00:00,en,['https://open.spotify.com/track/65GHzL6BGgba4Ms9BbuKWI?si=84fa4bede50141b9'],1278047326528049155,190,1262,"London, England","<a href=""https://mobile.twitter.com"" rel=""nofollow"">Twitter Web App</a>",0,0,3,song of the day spotify itunes googleplay applemusic tidal deezer amazonmusic soundcloud amazon iheartradio newmusic vevo beatport indieartist datpiff rhapsody playlist billboard reverbnation worldstarhiphop,['https://open.spotify.com/track/65GHzL6BGgba4Ms9BbuKWI?si=84fa4bede50141b9']
1464414116282568705,MetalMachine_1,"Welcome To #MetalMachine 🤘

#EnjoyTheRide   

#NowPlaying #NowStreaming                 

#MTV #Songs #Musician #Music #HeavyMetal #Guitarist #Drums

#BillBoard #Rock #Metal 🤘

#YouTube #Spotify #iHeartRadio

#HeadBangersBall #MetalMusic

#OnePlus_USA

https://t.co/TAJam8vVhh",2021-11-27 02:01:47+00:00,en,['https://open.spotify.com/track/47qV9FAvLMUi5Ui6aTtyNT?si=znFCcWeaR5q060lA_bG3UQ'],19464588,90,557,,"<a href=""http://twitter.com/download/android"" rel=""nofollow"">Twitter for Android</a>",1,0,0,welcome to metalmachine enjoytheride nowplaying nowstreaming mtv songs musician music heavymetal guitarist drums billboard rock metal youtube spotify iheartradio headbangersball metalmusic oneplus_usa ,['https://open.spotify.com/track/47qV9FAvLMUi5Ui6aTtyNT?si=znFCcWeaR5q060lA_bG3UQ']
1462206739290361859,Cyn_Dear,"How can I say this? I am so proud to be a Dear fan of @dimash_official 

#DimashQudaibergen ‘s song #BeWithMe finally made it on the Hot Trending Songs chart for #Billboard 

#DimashTheVoice is blazing🔥🔥🔥 UNITED FOR DIMASH 

https://t.co/eigKrevCuI",2021-11-20 23:50:27+00:00,en,['https://open.spotify.com/track/1CUoIz1tIezmMe5ZAGUXez?si=ywOA__CURKC6Qo5Tgrt4zA'],1364044173012209664,825,1225,"Tauranga, New Zealand","<a href=""http://twitter.com/download/iphone"" rel=""nofollow"">Twitter for iPhone</a>",39,0,35,how can i say this i am so proud to be a dear fan of dimash_official dimashqudaibergen s song bewithme finally made it on the hot trending songs chart for billboard dimashthevoice is blazing united for dimash ,['https://open.spotify.com/track/1CUoIz1tIezmMe5ZAGUXez?si=ywOA__CURKC6Qo5Tgrt4zA']
1461415113190162444,ma_wasala,"#DimashQudaibergen really brings to life everything he does, everything he sings! Every # song 🎶@dimash_official brings so much life!❤️
#FlyAway #BeWithMe 
#Billboard #ITunes 
I listen to #DimashQudaibergen's music on #YouTube 
#Spotify 
▶️https://t.co/2OU1i1mzyb https://t.co/2ZOwX2ygOD",2021-11-18 19:24:49+00:00,en,['http://open.spotify.com/track/1CUoIz1tIezmMe5ZAGUXez?si=nGfFKhU9RzmCEu2T44jn1g&utm_source=copy-link'],1244011453125931010,106,53,Poland..,"<a href=""https://mobile.twitter.com"" rel=""nofollow"">Twitter Web App</a>",63,3,63,dimashqudaibergen really brings to life everything he does everything he sings every song dimash_official brings so much life flyaway bewithme billboard itunes i listen to dimashqudaibergens music on youtube spotify ,[]
1458675408623308801,conchij16648058,#DimashQudaibergеn/You are the morning sun @dimash_official/  song #FlyAwау/#YouTube/#Spotify/#Billboard 💪🏻❤️#DQ !  https://t.co/7OcjHA7oqx,2021-11-11 05:58:12+00:00,en,['https://open.spotify.com/track/3PrBCZYviaV6QaYqw0NkYN?si=h2SZ8_E_RHeyRG-beQ8kGw'],1376585033352421380,186,180,"Basilea, Suiza","<a href=""http://twitter.com/download/iphone"" rel=""nofollow"">Twitter for iPhone</a>",21,1,16,dimashqudaibergеnyou are the morning sun dimash_official song flyawауyoutubespotifybillboard dq ,['https://open.spotify.com/track/3PrBCZYviaV6QaYqw0NkYN?si=h2SZ8_E_RHeyRG-beQ8kGw']
1458631004147662856,JamesAMoore_JAM,"@TheRock @GalGadot @VancityReynolds #ReadNotice
But, dang, ain't nobody done me wrong, today!
And I ain't mad at nobody.
Today is #Funkday!
#Shameless #LinkDrop
https://t.co/ryCbIsIwMs
Which #Billboard for 
#RedNotice?
@carmenm42685041",2021-11-11 03:01:46+00:00,en,['https://open.spotify.com/track/2c3Va4sRp5NHBpuVYdzEGD'],17146773,3336,3086,"Baltimore, MD USA Funk We Do! ","<a href=""https://mobile.twitter.com"" rel=""nofollow"">Twitter Web App</a>",0,0,0,therock galgadot vancityreynolds readnotice but dang aint nobody done me wrong today and i aint mad at nobody today is funkday shameless linkdrop which billboard for rednotice carmenm42685041,['https://open.spotify.com/track/2c3Va4sRp5NHBpuVYdzEGD']
1456247929820299271,Alice19803,@AubreyChin2 @Manuela66886739 I don't think it is impossible. Come on Dears... We should be 10 Mln in the world.. Why don't so many support @dimash_official on social??? He gives so much to us .. Listen to #FlyAway by #DimashQudaibergen and support him for #billboard https://t.co/UD9jlYs0tG,2021-11-04 13:12:16+00:00,en,['https://open.spotify.com/track/3PrBCZYviaV6QaYqw0NkYN?si=2zNyMwAXRMKCQ2Dk0PfK5A&utm_source=copy-link'],1448726088276918274,377,352,Italy,"<a href=""http://twitter.com/download/android"" rel=""nofollow"">Twitter for Android</a>",21,2,25,aubreychin2 manuela66886739 i dont think it is impossible come on dears we should be 10 mln in the world why dont so many support dimash_official on social he gives so much to us listen to flyaway by dimashqudaibergen and support him for billboard ,['https://open.spotify.com/track/3PrBCZYviaV6QaYqw0NkYN?si=2zNyMwAXRMKCQ2Dk0PfK5A&utm_source=copy-link']
1455954045705678848,euna_1107,"⬆️⬆️⬆️⬆️⬆️⬆️⬆️⬆️⬆️⬆️⬆️
Support for the song #FlyAway by #DimashQudaibergen top one on #billboard and #HotTrending dear of #DQ alway mention @dimash_official 
⬆️⬆️⬆️⬆️⬆️⬆️⬆️⬆️⬆️⬆️⬆️
 https://t.co/lOYyaGyf0U",2021-11-03 17:44:29+00:00,en,['https://open.spotify.com/track/3PrBCZYviaV6QaYqw0NkYN?si=qGTnhKN7SW6BQNonWHw34g&utm_source=copy-link'],1425430658768261123,424,1106,,"<a href=""http://twitter.com/download/iphone"" rel=""nofollow"">Twitter for iPhone</a>",26,3,17, support for the song flyaway by dimashqudaibergen top one on billboard and hottrending dear of dq alway mention dimash_official ,['https://open.spotify.com/track/3PrBCZYviaV6QaYqw0NkYN?si=qGTnhKN7SW6BQNonWHw34g&utm_source=copy-link']
1452341362704195596,streetz93,"They KEEP TELLING ME thus my HOTTEST TRACK 🔥🐐💯💣🎤
#GREATNESS #Humble #single
#IndependentMusic #Rap #Viral #New #hiphop #Hustle #support
#classic #Solid #Billboard #HotTrendingSongs #lyricist
#Spotify #Playlist
https://t.co/LlElRRGqbN",2021-10-24 18:28:58+00:00,en,['https://open.spotify.com/track/7FeX0huzuveGjYoPGfzHWV?si=fby6XzvETr-_Eh3ZCaqgsQ&utm_source=copy-link'],1026579217297932290,2802,2996,,"<a href=""http://twitter.com/download/android"" rel=""nofollow"">Twitter for Android</a>",2,2,3,they keep telling me thus my hottest track greatness humble single independentmusic rap viral new hiphop hustle support classic solid billboard hottrendingsongs lyricist spotify playlist ,['https://open.spotify.com/track/7FeX0huzuveGjYoPGfzHWV?si=fby6XzvETr-_Eh3ZCaqgsQ&utm_source=copy-link']
1450594636351766533,wholesomeEN1130,"@ENHYPEN_members
#ENHYPEN

Goal Enhypen on #Billboard and Multiple music show wins. #TamedDashed1stWin

https://t.co/WWHXezcOxu",2021-10-19 22:48:06+00:00,en,['https://open.spotify.com/track/6IqKFke4ZhKbGYULllEezY?si=AiSDgjy0RkKXHLxF4I_Ebw'],974945035769663489,581,1396,Park Jongseong left shoulder,"<a href=""http://twitter.com/download/android"" rel=""nofollow"">Twitter for Android</a>",0,0,0,enhypen_members enhypen goal enhypen on billboard and multiple music show wins tameddashed1stwin ,['https://open.spotify.com/track/6IqKFke4ZhKbGYULllEezY?si=AiSDgjy0RkKXHLxF4I_Ebw']
1449426987332874245,JaCeeMusic1,"JaCee Talkin'Trash Blues...
https://t.co/eYJsx37caz #blues #rnb #jazz #smoothjazz #rock #rockmusic #electric #bluesmusic #billboard #PsychedelicPop #psychedelic #popmusic #popsong #funny #girl #newmusic #musicvideo",2021-10-16 17:28:17+00:00,en,['https://open.spotify.com/track/2SxzJYopKzLjYClU5a74pp?si=8a282a2cc49047c4'],1244310297663471619,110,821,world,"<a href=""https://mobile.twitter.com"" rel=""nofollow"">Twitter Web App</a>",0,0,1,jacee talkintrash blues blues rnb jazz smoothjazz rock rockmusic electric bluesmusic billboard psychedelicpop psychedelic popmusic popsong funny girl newmusic musicvideo,['https://open.spotify.com/track/2SxzJYopKzLjYClU5a74pp?si=8a282a2cc49047c4']
1449057305916542982,lars_hallum,"#OnThisDay #MusicHistory 15 #October 1988 - 33 #Years #Ago - @duranduran ""I Don't Want Your Love"" 🇺🇲 #US #Billboard #Hot 100 #New #Number 49 ⬆️
https://t.co/d1xnmfzIpH",2021-10-15 16:59:18+00:00,en,['https://open.spotify.com/track/0AUys3I9ow0KSaqew5esK7?si=qaL-SkaIQiuxHd5ZJneSXw'],562345945,148,894,"Denmark, Europa, World.","<a href=""http://twitter.com/download/android"" rel=""nofollow"">Twitter for Android</a>",0,0,0,onthisday musichistory 15 october 1988 33 years ago duranduran i dont want your love us billboard hot 100 new number 49 ,['https://open.spotify.com/track/0AUys3I9ow0KSaqew5esK7?si=qaL-SkaIQiuxHd5ZJneSXw']
1445105970967949315,oliversean,"Wish you were here - Oliver Sean (Garage Sessions Unplugged Version). This is from my #Billboard #Top10 #BluesAlbums Garage Sessions Vol.1. #FYC #BluesContemporary #64thGrammyAwards 
 https://t.co/xfuS7BWAk9",2021-10-04 19:18:06+00:00,en,['https://open.spotify.com/track/672tMoohSSJCC8pyGyQytS?si=YkIf5HD6S42kn6xtGVFibg&dl_branch=1'],25269119,11172,5644,Worldwide,"<a href=""http://twitter.com/download/android"" rel=""nofollow"">Twitter for Android</a>",5,1,7,wish you were here oliver sean garage sessions unplugged version this is from my billboard top10 bluesalbums garage sessions vol1 fyc bluescontemporary 64thgrammyawards ,['https://open.spotify.com/track/672tMoohSSJCC8pyGyQytS?si=YkIf5HD6S42kn6xtGVFibg&dl_branch=1']
1441090626993283087,hauntedgauntlet,BABY SHANKS FOREVER! Now on Spotify 👶🔪 To the top of the pop charts - let’s go!!! #pop #popmusic #popcharts #billboard #spotifyhits  https://t.co/H3XySntFwn,2021-09-23 17:22:34+00:00,en,['https://open.spotify.com/track/5VEaexyHNHAdrQLknkKULY?si=F-2aEFweSPqe-3nvoQffyA&dl_branch=1'],16004122,650,646,"OMAHA, NE","<a href=""http://twitter.com/download/iphone"" rel=""nofollow"">Twitter for iPhone</a>",1,0,1,baby shanks forever now on spotify to the top of the pop charts lets go pop popmusic popcharts billboard spotifyhits ,['https://open.spotify.com/track/5VEaexyHNHAdrQLknkKULY?si=F-2aEFweSPqe-3nvoQffyA&dl_branch=1']
1439622986798149635,G_God_Josiah,"Art Of War by G Money, MoVicious #Trending #NewMusic #HitsCompilation #MONEY #worldwide #realhiphop #rap #music #Billboard #theggod #theelohim #movicious #explorepage #tweeter Billions
https://t.co/cAJIzMF6nL",2021-09-19 16:10:41+00:00,en,['https://open.spotify.com/track/3SjEG8TzcrKCICMyoffH7g?si=UW2H4wZeRVKSRAeusHnTuw&dl_branch=1'],1116067639,763,868,@mo_vicious_ on your Instagram,"<a href=""http://twitter.com/download/android"" rel=""nofollow"">Twitter for Android</a>",0,0,1,art of war by g money movicious trending newmusic hitscompilation money worldwide realhiphop rap music billboard theggod theelohim movicious explorepage tweeter billions ,['https://open.spotify.com/track/3SjEG8TzcrKCICMyoffH7g?si=UW2H4wZeRVKSRAeusHnTuw&dl_branch=1']
1438534915478458368,traysings,"Some things are addictive af! 

#storytime ”𝐁𝐫𝐨𝐰𝐧 𝐂𝐨𝐜𝐚𝐢𝐧𝐚“ 𝐒𝐭𝐫𝐞𝐚𝐦𝐢𝐧𝐠 𝐍𝐎𝗪!

https://t.co/jXodfE2jeQ 

Honeys, share it with ya squad &amp; let em know! 

#traysings #newmusic #vibemusic #popmusic #billboard #grammys #coolkids https://t.co/LRd3qqSs4D",2021-09-16 16:07:05+00:00,en,['https://spoti.fi/3Cdfnvm'],138366849,903,650,"Atlanta, GA","<a href=""https://app.socialpilot.co/"" rel=""nofollow"">SocialPilot.co</a>",0,0,0,some things are addictive af storytime 𝐁𝐫𝐨𝐰𝐧 𝐂𝐨𝐜𝐚𝐢𝐧𝐚 𝐒𝐭𝐫𝐞𝐚𝐦𝐢𝐧𝐠 𝐍𝐎𝗪 honeys share it with ya squad amp let em know traysings newmusic vibemusic popmusic billboard grammys coolkids ,['https://spoti.fi/3Cdfnvm']
1438067313652101122,mikejskill,Mike Skill releases 41st Anniversary of “What I Like About You” https://t.co/VMevwKKzPW. #newreleasealert #newmusic #Anniversary #music #ClassicRock #Billboard #Detroit #Spotify #wegotyourrocknroll #80smusic #recordingstudio #YouTubeVideo #Guitarist #composer #whatilikeaboutyou,2021-09-15 09:09:00+00:00,en,['https://open.spotify.com/track/26WIaSXLrNbf3AsvhN54I3?si=HQOsLq1UQm-gVj6DYWyJVQ&dl_branch=1'],1247834702,986,2986,"Portland,Oregon/Detroit, MI.","<a href=""http://twitter.com/#!/download/ipad"" rel=""nofollow"">Twitter for iPad</a>",1,0,1,mike skill releases 41st anniversary of what i like about you newreleasealert newmusic anniversary music classicrock billboard detroit spotify wegotyourrocknroll 80smusic recordingstudio youtubevideo guitarist composer whatilikeaboutyou,['https://open.spotify.com/track/26WIaSXLrNbf3AsvhN54I3?si=HQOsLq1UQm-gVj6DYWyJVQ&dl_branch=1']
1430912501890301954,dimi_alencar,"Singularity is finally here! Smash the #RETWEEET button, #synthfam: help us getting #retrowave and #synthwave in the #Artist100! #candyman #billboard #thursdayvibes https://t.co/15JuN2EGUB",2021-08-26 15:18:20+00:00,en,['https://open.spotify.com/track/6x2inVMTvBDvcW42cZ1BRb?si=0aUaNTi_SAeDWWpnBIX8WA&dl_branch=1'],3343479813,146,58,Night City,"<a href=""https://mobile.twitter.com"" rel=""nofollow"">Twitter Web App</a>",2,0,1,singularity is finally here smash the retweeet button synthfam help us getting retrowave and synthwave in the artist100 candyman billboard thursdayvibes ,['https://open.spotify.com/track/6x2inVMTvBDvcW42cZ1BRb?si=0aUaNTi_SAeDWWpnBIX8WA&dl_branch=1']
1430422117728800769,Iamlibrano,"Wizkid is my Mentor, you can Learn from Him, he's humble,he  deserves an Honour ,God Bless you Big Wiz for making Africa 🌍 Proud 
@wizkidayo
@vivian_porsche #MILDeluxe
#Billboard 
Check out my latest Single , available on all Platforms 🙌👇
https://t.co/rBiByhJ1lj https://t.co/41uaSiOe8k",2021-08-25 06:49:43+00:00,en,['https://open.spotify.com/track/4wHou23zSFY02PJVdyl3Y1'],1239448973770883072,448,1180," MUSICIAN; lagos, Nigeria","<a href=""http://twitter.com/download/android"" rel=""nofollow"">Twitter for Android</a>",2,0,4,wizkid is my mentor you can learn from him hes humblehe deserves an honour god bless you big wiz for making africa proud wizkidayo vivian_porsche mildeluxe billboard check out my latest single available on all platforms ,['https://open.spotify.com/track/4wHou23zSFY02PJVdyl3Y1']
1423383898596204546,GeoSlamOfficial,"You like #PopMusic? 🎵 Listen On #Spotify

#RobbyStaxx - #Billboard
https://t.co/gL7MFkEKX8
- Party Party Party 
https://t.co/CkK5Oz4l3C

Thank YOU for supporting #OneWorld

🟢https://t.co/XPrlqngC08
.
👍 @Oneworld_Unites
.
.
.
.
#unity #geoslam #xcx #antjesimdorn #inessvoca https://t.co/y8vRBnx03c",2021-08-05 20:42:21+00:00,en,"['https://open.spotify.com/playlist/1eQt3xtIvLVJ3ukKkHJ0g3', 'https://open.spotify.com/playlist/1PE5udS9oPynauLzEw4lQT', 'https://found.ee/1W_Spotify']",1273665304044937216,571,13,,"<a href=""https://www.later.com"" rel=""nofollow"">LaterMedia</a>",0,0,2,you like popmusic listen on spotify robbystaxx billboard party party party thank you for supporting oneworld oneworld_unites unity geoslam xcx antjesimdorn inessvoca ,[]
1414717304231895043,Classic_Asa,"For anyone who hasn’t checked out my single “Goddess” it’s available on Spotify! Run up them streams and support✨Every listen is appreciated 

#hiphop #pop #r&amp;b #rap #Spotify #stream #NewMusic #newartist #mtv #billboard #Radio #retweet #explorepage 

 https://t.co/I6gBkhN57l",2021-07-12 22:44:24+00:00,en,['https://open.spotify.com/track/2OvqokmRiVBfsWVt1J8Vxl?si=HNvI_gaKSBmLKIVd2E6oTw&dl_branch=1'],119947540,116,77,,"<a href=""http://twitter.com/download/iphone"" rel=""nofollow"">Twitter for iPhone</a>",0,0,1,for anyone who hasnt checked out my single goddess its available on spotify run up them streams and supportevery listen is appreciated hiphop pop rampb rap spotify stream newmusic newartist mtv billboard radio retweet explorepage ,['https://open.spotify.com/track/2OvqokmRiVBfsWVt1J8Vxl?si=HNvI_gaKSBmLKIVd2E6oTw&dl_branch=1']
1412749995686522880,SunSkySmile,"CONGRATULATIONS 🎶🎉🎊💜
#BTS @BTS_twt's #Butter scores #1 for the 6th week on #Billboard #Billboardhot100  

STREAM 🎧 BUTTER 🧈

🎶Got ARMY right behind us when we say so🎶

https://t.co/E7UD0afBgq

https://t.co/fzXfB1Iefx

#BTS_Butter #Got_ARMY_Behind_Us
#Butter6thNo1OnHot100 https://t.co/wNlkwrd3UJ",2021-07-07 12:27:01+00:00,en,"['https://youtu.be/WMweEpGlu_U', 'https://open.spotify.com/track/3VqeTFIvhxu3DIe4eZVzGq?si=tdPvwCJUQVuaX95ZMLsIiw&utm_source=copy-link&dl_branch=1']",385442295,41,35,,"<a href=""http://twitter.com/download/android"" rel=""nofollow"">Twitter for Android</a>",0,0,0,congratulations bts bts_twts butter scores 1 for the 6th week on billboard billboardhot100 stream butter got army right behind us when we say so bts_butter got_army_behind_us butter6thno1onhot100 ,['https://open.spotify.com/track/3VqeTFIvhxu3DIe4eZVzGq?si=tdPvwCJUQVuaX95ZMLsIiw&utm_source=copy-link&dl_branch=1']
1410717510710792193,Alamala_1,"Royals - Lorde
https://t.co/XoWPinaqA1

@lorde #music #pop #KeepitOn
#GRAMMYs #BILLBOARD #MTVLAGLOBALGOLDEN https://t.co/CtLmUTX79Q",2021-07-01 21:50:39+00:00,en,['https://open.spotify.com/track/7BFI9QZPQKgYuR2HhDgwbG?si=mLPX8Y_DRkywLckUM72ggA&utm_source=native-share-menu&dl_branch=1'],120514458,5388,4315,,"<a href=""http://twitter.com/download/android"" rel=""nofollow"">Twitter for Android</a>",0,0,1,royals lorde lorde music pop keepiton grammys billboard mtvlaglobalgolden ,['https://open.spotify.com/track/7BFI9QZPQKgYuR2HhDgwbG?si=mLPX8Y_DRkywLckUM72ggA&utm_source=native-share-menu&dl_branch=1']
1410313462425735170,macandsoul,Thanks again everyone for your streams.  : https://t.co/QdR3G8pQ6a Have a great #wednesday #havefun #besafe #keepgoing #nyc #la #asia #europe #india #southamerica #southafrica #canada #usa #journalist #magazine #billboard #Areyoureadyforaride #fourthofjuly https://t.co/EONLHQc4Yq,2021-06-30 19:05:06+00:00,en,['https://open.spotify.com/track/0Bi77kz3STLqqNSsJuGHI3?si=DrDFLE0dRRextZl591q9gw&dl_branch=1'],3295224437,13668,13381,"New York, USA","<a href=""http://twitter.com/download/iphone"" rel=""nofollow"">Twitter for iPhone</a>",0,0,0,thanks again everyone for your streams have a great wednesday havefun besafe keepgoing nyc la asia europe india southamerica southafrica canada usa journalist magazine billboard areyoureadyforaride fourthofjuly ,['https://open.spotify.com/track/0Bi77kz3STLqqNSsJuGHI3?si=DrDFLE0dRRextZl591q9gw&dl_branch=1']
1404798007141351428,nini_sehuny,"Here’s a song for you… Don't fight the feeling by EXO
#EXO #엑소 #BILLBOARD #Spotify 
#DONT_FIGHT_THE_FEELING
@weareoneEXO @layzhang 
@B_hundred_Hyun 
https://t.co/JhY5wgKOso",2021-06-15 13:48:39+00:00,en,['https://open.spotify.com/track/42fR3oINF3KfXCDtheoNiY?si=nLmfjqTcSeuFCB09IGKacQ&dl_branch=1'],1322158523380215808,8234,7604,,"<a href=""http://twitter.com/download/android"" rel=""nofollow"">Twitter for Android</a>",0,0,0,heres a song for you dont fight the feeling by exo exo 엑소 billboard spotify dont_fight_the_feeling weareoneexo layzhang b_hundred_hyun ,['https://open.spotify.com/track/42fR3oINF3KfXCDtheoNiY?si=nLmfjqTcSeuFCB09IGKacQ&dl_branch=1']
1404772860846039044,EXOLOVERS_3,"Don't Fight The Feeling by EXO
#EXO #엑소  #Billboard200
#BILLBOARD #Spotify
#DONT_FIGHT_THE_FEELING
@weareoneEXO @layzhang 
@B_hundred_Hyun 
https://t.co/qzQojWHNyj",2021-06-15 12:08:44+00:00,en,['https://open.spotify.com/track/42fR3oINF3KfXCDtheoNiY?si=0hhYXjN6QP65yXawLk1T_Q&utm_source=copy-link&dl_branch=1'],1248613216051056645,5864,174,EXOPlanet,"<a href=""http://twitter.com/download/android"" rel=""nofollow"">Twitter for Android</a>",35,0,33,dont fight the feeling by exo exo 엑소 billboard200 billboard spotify dont_fight_the_feeling weareoneexo layzhang b_hundred_hyun ,['https://open.spotify.com/track/42fR3oINF3KfXCDtheoNiY?si=0hhYXjN6QP65yXawLk1T_Q&utm_source=copy-link&dl_branch=1']
1403682049446363139,dossy_doss_,Fellow apes. What do you say we get this anthem on the #billboard charts 😎 #retweet #retweet #retweet https://t.co/rAWGDwnpny #ApeStrongTogether #ApeArmy #AMCSqueeze #AMCSTRONG https://t.co/jDkhkyuSnD,2021-06-12 11:54:14+00:00,en,['https://open.spotify.com/track/1Ni4587NzRaJ9y1sGbVBi9?si=9eS_vH1SQtOUn8HfDIYGow&dl_branch=1'],1391204585252036609,156,210,,"<a href=""http://twitter.com/download/iphone"" rel=""nofollow"">Twitter for iPhone</a>",9,3,29,fellow apes what do you say we get this anthem on the billboard charts retweet retweet retweet apestrongtogether apearmy amcsqueeze amcstrong ,['https://open.spotify.com/track/1Ni4587NzRaJ9y1sGbVBi9?si=9eS_vH1SQtOUn8HfDIYGow&dl_branch=1']
1403356833331306497,dtthilan,"When I wake it up Official Audio released.
By Dileepa Thilan

Youtube: https://t.co/BDLGxAKxxR
Apple Music: https://t.co/fqhx7BihhV
Spotify: https://t.co/EZ16O50SA3
Amazon Music: https://t.co/LjgkKSviyo

#dileeparts #music #topchart #BILLBOARD #song #NewMusicFriday https://t.co/WoT9LjbzFk",2021-06-11 14:21:56+00:00,en,"['https://youtu.be/nHVwEYBbAgs', 'https://apple.co/2TeOEO8', 'https://spoti.fi/3w548CK', 'https://amzn.to/3w6rcRE']",216244429,49,710,Kiribathgoda,"<a href=""http://twitter.com/download/android"" rel=""nofollow"">Twitter for Android</a>",0,0,1,when i wake it up official audio released by dileepa thilan youtube apple music spotify amazon music dileeparts music topchart billboard song newmusicfriday ,['https://spoti.fi/3w548CK']
1400455153371664390,breakfasman,"My 1st #billboard 🏆 Download my #newmusic "" HEAT ""  by Thoroughbred Taz @_JakeShaw_ @Spotify @iTunes 
https://t.co/KQt1Jhl02n https://t.co/AySdXwHcpP",2021-06-03 14:11:42+00:00,en,['https://open.spotify.com/track/4Myb3NXvYaI5BWqtG3hh0O?si=XEIdxpYCQ_6BfVhmdFw_SA&utm_source=copy-link'],539438606,1041,2416,"Inkster, MI","<a href=""http://twitter.com/download/android"" rel=""nofollow"">Twitter for Android</a>",0,0,0,my 1st billboard download my newmusic heat by thoroughbred taz _jakeshaw_ spotify itunes ,['https://open.spotify.com/track/4Myb3NXvYaI5BWqtG3hh0O?si=XEIdxpYCQ_6BfVhmdFw_SA&utm_source=copy-link']
1400291010920452102,MaxwellOluti,"#billboard chart #Billboard200 
Here’s a song for you… Falling Down by Samuel Hughes
https://t.co/O4XgNTuOqa",2021-06-03 03:19:27+00:00,en,['https://open.spotify.com/track/37I5qQOoWlHWUcMuiZ0oHa?si=cuzQcgz8TL-GuBUMlW9p1Q'],1355121548521308161,17,268,,"<a href=""http://twitter.com/download/android"" rel=""nofollow"">Twitter for Android</a>",0,0,1,billboard chart billboard200 heres a song for you falling down by samuel hughes ,['https://open.spotify.com/track/37I5qQOoWlHWUcMuiZ0oHa?si=cuzQcgz8TL-GuBUMlW9p1Q']
1400161225439211522,retroface_,"I need new music. Send me your hottest track🔥
Tell me what you think of my new single HOLOGRAPHIC. And I’ll retweet your last post👾 #ineednewmusic #newmusic #top40 #Billboard #hits @Spotify 

https://t.co/WfoOc4NmPU",2021-06-02 18:43:44+00:00,en,['https://open.spotify.com/track/0qjJgeavvhqV5BpvYhHCaA?si=qiQ7P2qCSCSR1n5ulD2M_w'],1306699759957098496,178,48,"Victoria, British Columbia","<a href=""http://twitter.com/download/iphone"" rel=""nofollow"">Twitter for iPhone</a>",0,1,1,i need new music send me your hottest track tell me what you think of my new single holographic and ill retweet your last post ineednewmusic newmusic top40 billboard hits spotify ,['https://open.spotify.com/track/0qjJgeavvhqV5BpvYhHCaA?si=qiQ7P2qCSCSR1n5ulD2M_w']
1399779127885025284,CREVIVAL_ENT,4. HOLIDAY by @anastasia_hera 💎🎶🎤🎧📻🎪 #ATX #Austin #billboard #bubbling #NewRelease #OnTheRadio #NewMusicTuesday #Emcee #Billboard #Rap #trending #ThisIsAnastasia #Vocals https://t.co/MTVVm07Ojo,2021-06-01 17:25:25+00:00,en,['https://open.spotify.com/track/0SqMchJlDsKdKSczFaEJvA?si=ZnYtfbAfRaKCk9TdCNKEaQ'],1063501677960077313,21,57,"Austin, TX","<a href=""http://twitter.com/download/iphone"" rel=""nofollow"">Twitter for iPhone</a>",1,0,2,4 holiday by anastasia_hera atx austin billboard bubbling newrelease ontheradio newmusictuesday emcee billboard rap trending thisisanastasia vocals ,['https://open.spotify.com/track/0SqMchJlDsKdKSczFaEJvA?si=ZnYtfbAfRaKCk9TdCNKEaQ']
1398190045341831169,hit_finderz,Much #anticipated #single #outnow #fans #Alonestar #LilWayne #CookinUp #fashion #radio #music #ads #billboard #mtv #bbcradio1 #bbcradio1xtra #capitalxtra #MarkReyes this track is 🔥🔥🔥🔥🔥 https://t.co/ld5d3WYaeX,2021-05-28 08:10:58+00:00,en,['https://open.spotify.com/track/6l6MnkOgh1YoNsY5QgVgFr?si=5j_3WX6CREqCwAxnnbnPRg'],3242424154,159,641,"London, England","<a href=""http://twitter.com/download/iphone"" rel=""nofollow"">Twitter for iPhone</a>",1,0,1,much anticipated single outnow fans alonestar lilwayne cookinup fashion radio music ads billboard mtv bbcradio1 bbcradio1xtra capitalxtra markreyes this track is ,['https://open.spotify.com/track/6l6MnkOgh1YoNsY5QgVgFr?si=5j_3WX6CREqCwAxnnbnPRg']
1397304764245946368,Marathon_85,"Marathon 85 - Lockdown Blues (Guitarist REMIX)
https://t.co/UHrScLnMKZ #tuesdaymotivations #AMCSqueeze #BILLBOARD #COVID19 #NewMusic #band #FixTheCountry #HowYouLikeThat #iTunes #Spotify #rock #Radio #May24Coup #Metal #metals #bassguitar #guitar #drums #goodmorning",2021-05-25 21:33:11+00:00,en,['https://spoti.fi/3hSIq0D'],61034180,3698,5000,"Ontario, Canada","<a href=""https://mobile.twitter.com"" rel=""nofollow"">Twitter Web App</a>",0,0,1,marathon 85 lockdown blues guitarist remix tuesdaymotivations amcsqueeze billboard covid19 newmusic band fixthecountry howyoulikethat itunes spotify rock radio may24coup metal metals bassguitar guitar drums goodmorning,['https://spoti.fi/3hSIq0D']
1396124455697588232,dmlcartel,"@robertcarlyle_ We will have new music coming soon. In the meantime, check out our current single, Samurai. 

 https://t.co/JYGJMiEK9C

#newmusicfriday  #newmusicalert #newmusic2021 #rollingstone #rollingstonemagazine #billboard #HTX #HOU #guitarist #samurai #2022Grammyhopeful #dmlconspiracy",2021-05-22 15:23:03+00:00,en,['https://open.spotify.com/track/1RUsqBPmEmENhxJUsnuswy?si=l5rX1p5dQUy8CxWXX2BJxw&dl_branch=1'],1267166863030706176,592,887,"Space City, TX","<a href=""http://twitter.com/download/iphone"" rel=""nofollow"">Twitter for iPhone</a>",0,0,2,robertcarlyle_ we will have new music coming soon in the meantime check out our current single samurai newmusicfriday newmusicalert newmusic2021 rollingstone rollingstonemagazine billboard htx hou guitarist samurai 2022grammyhopeful dmlconspiracy,['https://open.spotify.com/track/1RUsqBPmEmENhxJUsnuswy?si=l5rX1p5dQUy8CxWXX2BJxw&dl_branch=1']
1395745171422187523,chaosicarecords,"https://t.co/fIOjBLhSTt a top tune from 2018s Angels Versus Demons album. Boy With Pigtails has six albums on all the major streaming services, iTunes, CD. #Spotify #AppleMusic #iTunesカード #Billboard #Alexa #Amazon #applemusicplaylist #GooglePlay #iTunes #StreamingDay #stream",2021-05-21 14:15:55+00:00,en,['https://open.spotify.com/track/4YqdM46XUeSC8rd4MezW2w?si=euO4Q3kIT5uSqvCg6nrLeg'],4783841936,533,567,"edinburgh, scotland","<a href=""http://twitter.com/#!/download/ipad"" rel=""nofollow"">Twitter for iPad</a>",1,0,0, a top tune from 2018s angels versus demons album boy with pigtails has six albums on all the major streaming services itunes cd spotify applemusic itunesカード billboard alexa amazon applemusicplaylist googleplay itunes streamingday stream,['https://open.spotify.com/track/4YqdM46XUeSC8rd4MezW2w?si=euO4Q3kIT5uSqvCg6nrLeg']
1395730291499601920,dmlconspiracy,"We will have new music coming soon. In the meantime, check out our current single, Samurai. 

 https://t.co/cma56OKAa3

#newmusicfriday  #newmusicalert #newmusic2021 #rollingstone #rollingstonemagazine #billboard #HTX #HOU #guitarist #samurai #2022Grammyhopeful #dmlconspiracy",2021-05-21 13:16:47+00:00,en,['https://open.spotify.com/track/1RUsqBPmEmENhxJUsnuswy?si=l5rX1p5dQUy8CxWXX2BJxw&dl_branch=1'],18201316,2182,3413,"Space City, Texas","<a href=""http://twitter.com/download/iphone"" rel=""nofollow"">Twitter for iPhone</a>",0,1,2,we will have new music coming soon in the meantime check out our current single samurai newmusicfriday newmusicalert newmusic2021 rollingstone rollingstonemagazine billboard htx hou guitarist samurai 2022grammyhopeful dmlconspiracy,['https://open.spotify.com/track/1RUsqBPmEmENhxJUsnuswy?si=l5rX1p5dQUy8CxWXX2BJxw&dl_branch=1']
1395611469023268866,ninetonegroup,"K.T.C - I Wanna Dance With Somebody Else
80:s is back!! Grab your pastel colored clothes and mix your Long Island Iced Tee and lean back ❤️
#80:s #Billboard @Spotify 
https://t.co/cPIGpP9IFZ https://t.co/34j7HUE38U",2021-05-21 05:24:38+00:00,en,['https://open.spotify.com/track/3CFW3RZP9CyOwhetnZNKO6?si=54692ef3f81843c5'],507044049,8522,339,"Sundsvall, Sweden","<a href=""https://buffer.com"" rel=""nofollow"">Buffer</a>",2,0,150,ktc i wanna dance with somebody else 80s is back grab your pastel colored clothes and mix your long island iced tee and lean back 80s billboard spotify ,['https://open.spotify.com/track/3CFW3RZP9CyOwhetnZNKO6?si=54692ef3f81843c5']
1393703529118904324,MartinOrMikey,"Beat for @Drake
https://t.co/iQ6ll6pDn6

#lofi #LofiHipHop #lofimusic #lofibeats #drake #Spotify #SpotifyPlaylists #NewMusicFriday #sadboy #SadGirl #Billboard #LoveStay #TikTok",2021-05-15 23:03:09+00:00,en,['https://open.spotify.com/track/1qaFPn6ZUf67LLHe0SA2zi?si=0aDNe1LVRaSx_YR6m5wHjQ'],172243473,114,78,Ukraine,"<a href=""http://twitter.com/download/android"" rel=""nofollow"">Twitter for Android</a>",3,0,3,beat for drake lofi lofihiphop lofimusic lofibeats drake spotify spotifyplaylists newmusicfriday sadboy sadgirl billboard lovestay tiktok,['https://open.spotify.com/track/1qaFPn6ZUf67LLHe0SA2zi?si=0aDNe1LVRaSx_YR6m5wHjQ']
1392396578413944833,vantaecottage,"Congrats to #taehyung #v , the only Korean idol to get #1 on #BILLBOARD World Digital Song Sales Chart with 2 solo songs including #Singularity &amp; #Innerchild 💜 👏 🥇 #bts #singularity1onbb

Listen on Spotify 👇

BTS • Love Yourself 結 'Answer' https://t.co/UXuBkoK9lM",2021-05-12 08:29:48+00:00,en,['https://open.spotify.com/track/3gpU0uqDonMBKEcJu4Rzsf'],1391275611654561800,21,13,taetaeland 💒📍,"<a href=""http://twitter.com/download/android"" rel=""nofollow"">Twitter for Android</a>",0,0,4,congrats to taehyung v the only korean idol to get 1 on billboard world digital song sales chart with 2 solo songs including singularity amp innerchild bts singularity1onbb listen on spotify bts love yourself 結 answer ,['https://open.spotify.com/track/3gpU0uqDonMBKEcJu4Rzsf']
1388689196089499649,jlthekid97,"Do me a favor, hit this link!
#nobodyelse #newsong #hiphop #spotify #chartme #1kstreams #retweet #tagme #sharethis #explorepage #billboard #xxl #worldstarhiphop #availablenowfordownload 

https://t.co/ssyEZSRFW1 https://t.co/ytUloXntHa",2021-05-02 02:57:59+00:00,en,['https://open.spotify.com/track/13JM6EDzt4E606XATjYEPn?si=HdbmkyKsT6WpU33YuDc-aw&utm_source=copy-link&dl_branch=1'],524802113,453,1112,,"<a href=""http://twitter.com/download/android"" rel=""nofollow"">Twitter for Android</a>",0,1,2,do me a favor hit this link nobodyelse newsong hiphop spotify chartme 1kstreams retweet tagme sharethis explorepage billboard xxl worldstarhiphop availablenowfordownload ,['https://open.spotify.com/track/13JM6EDzt4E606XATjYEPn?si=HdbmkyKsT6WpU33YuDc-aw&utm_source=copy-link&dl_branch=1']
1383113442031144960,somihw,"Plz try to listen this good song

#VOID_RELEASE 
#보이드를_채워라_허현준
#HYUNJUN #현준 #HYUNJUNHUR #허현준 #Billboard 
VO!D Hyunjun Hur
https://t.co/jA6C0phmZz",2021-04-16 17:41:56+00:00,en,['https://open.spotify.com/track/2M0mAu9ruQxZv0sefv1TZV?si=Dx0iWQbXSZ-CdC1Toohnaw'],923211048928161792,11,565,Taiwan,"<a href=""http://twitter.com/download/android"" rel=""nofollow"">Twitter for Android</a>",1,0,2,plz try to listen this good song void_release 보이드를_채워라_허현준 hyunjun 현준 hyunjunhur 허현준 billboard vod hyunjun hur ,['https://open.spotify.com/track/2M0mAu9ruQxZv0sefv1TZV?si=Dx0iWQbXSZ-CdC1Toohnaw']
1381281328318963712,PrettyLadyAct,"Chevk out my new #Hot 🔥🔥🔥🔥#Song #WhereImFrom by me QueenLadyAct feat @gmalone They #Love this song n every #state  #Exclusive #MusicVideo on #youtube dropping in minutes! Beat &amp; #Produced by @Daeone  #Billboard  #Tv #Film #Commercial #Podcast #Magazine
https://t.co/Nh34tbrnaF",2021-04-11 16:21:46+00:00,en,['https://open.spotify.com/track/4YOrIIOpBEk2r0bjncHeG1?si=eg0XZ1IKS1anOVTYPokBxw'],47739860,928,1815,"California, USA","<a href=""http://twitter.com/download/android"" rel=""nofollow"">Twitter for Android</a>",1,0,2,chevk out my new hot song whereimfrom by me queenladyact feat gmalone they love this song n every state exclusive musicvideo on youtube dropping in minutes beat amp produced by daeone billboard tv film commercial podcast magazine ,['https://open.spotify.com/track/4YOrIIOpBEk2r0bjncHeG1?si=eg0XZ1IKS1anOVTYPokBxw']
1377490273975083010,acthegreat,https://t.co/OYcmDFZKUs #AppleMusic #spotify #culture #HouseParty #Billboard #Hot 100 #music #Despacito #Wizkid #Cardi B #One Dance,2021-04-01 05:17:28+00:00,fr,['https://open.spotify.com/track/1Fn34DNsqwztOOsdXS4Wvm?si=DnfcdjM0RFSMN5HqHnqW8g&context=spotify%3Aalbum%3A0RQ9opFbEPyBztCxPEWEJj'],19523490,561,1760,"Atlanta, Ga","<a href=""http://twitter.com/download/iphone"" rel=""nofollow"">Twitter for iPhone</a>",0,0,0, applemusic spotify culture houseparty billboard hot 100 music despacito wizkid cardi b one dance,['https://open.spotify.com/track/1Fn34DNsqwztOOsdXS4Wvm?si=DnfcdjM0RFSMN5HqHnqW8g&context=spotify%3Aalbum%3A0RQ9opFbEPyBztCxPEWEJj']
1376674847481298950,twelveyearsband,"@anygivensinband When #AnotherLife charted on the #Billboard #MainstreamRock chart. 

https://t.co/Tvzn61pZPp",2021-03-29 23:17:15+00:00,en,['https://open.spotify.com/track/6TQkEzHzTtG2jO6TqPIIMc?si=DoI0yR5cT4ej16eNd5B2_Q'],1337783335192580099,2652,1179,"Ontario/New Brunswick, Canada","<a href=""http://twitter.com/download/iphone"" rel=""nofollow"">Twitter for iPhone</a>",0,0,5,anygivensinband when anotherlife charted on the billboard mainstreamrock chart ,['https://open.spotify.com/track/6TQkEzHzTtG2jO6TqPIIMc?si=DoI0yR5cT4ej16eNd5B2_Q']
1371421138404843521,youflawles,"@SpotifyKDaebak F Yo Love song by Queen @agnezmo 
#AGNEZMOFYoLoveSong #AGNEZMO
#FYoLoveSong #GRAMMYs
#Billboard200 #Billboard

https://t.co/VaAOqwz5hq",2021-03-15 11:20:53+00:00,en,['https://open.spotify.com/track/4I7NXbQnVwCJaIdDYf4vSv?si=EEF0UoQdS7iUcnh-tgPePw'],1254438123007651844,58,333,,"<a href=""http://twitter.com/download/android"" rel=""nofollow"">Twitter for Android</a>",0,0,1,spotifykdaebak f yo love song by queen agnezmo agnezmofyolovesong agnezmo fyolovesong grammys billboard200 billboard ,['https://open.spotify.com/track/4I7NXbQnVwCJaIdDYf4vSv?si=EEF0UoQdS7iUcnh-tgPePw']
1368575952217849861,MoonDreamsMusic,Another #sassy great #song by @BarbaraBorgelin This one has a cool #bossanova vibe Take a listen!  Also available on my #billboard #tophits &amp; #indie #playlist https://t.co/6G96cYR2mg,2021-03-07 14:55:08+00:00,en,['https://open.spotify.com/track/79M0HxvxYjlfT54jfGJ05w?si=xmKBkRTeSROEwDd59yWbgA'],518810257,4921,4806,,"<a href=""http://twitter.com/download/iphone"" rel=""nofollow"">Twitter for iPhone</a>",10,1,14,another sassy great song by barbaraborgelin this one has a cool bossanova vibe take a listen also available on my billboard tophits amp indie playlist ,['https://open.spotify.com/track/79M0HxvxYjlfT54jfGJ05w?si=xmKBkRTeSROEwDd59yWbgA']
1365440230711566340,AynjewlFaycc,N E W  M U S I C 🔥 #NewMusic #RNB #Rap #HipHop #IndependentArtist #BreakItOff #Candles #SexyHipHop #FemaleRapper #SexyMusic #musicpromotion #SupportIndieMusic #Sexy #Vibe #ballerAlert #Spotify #Billboard #BET #ArtistPR #DailyDigest #Source #HNHH #UGHH  https://t.co/cgSGbdHNKi https://t.co/yhCOBtXhCT,2021-02-26 23:14:54+00:00,en,['https://spoti.fi/3aY1vKV'],66473269,3445,539,In Spirit,"<a href=""http://twitter.com/download/iphone"" rel=""nofollow"">Twitter for iPhone</a>",3,0,3,n e w m u s i c newmusic rnb rap hiphop independentartist breakitoff candles sexyhiphop femalerapper sexymusic musicpromotion supportindiemusic sexy vibe balleralert spotify billboard bet artistpr dailydigest source hnhh ughh ,['https://spoti.fi/3aY1vKV']
1364469014223675393,shimmer_johnson,"Have you heard my #reimagined version of the 1988 @MartikaTunes  #billboard hit  #ToySoldiers then today is your lucky day click below to hear the 2021 version of an already amazing classic !! 
https://t.co/K8JdxmdDq6",2021-02-24 06:55:38+00:00,en,['https://open.spotify.com/track/7GC09DZRBw5Qse6Xl6JNlG?si=IeE_kx39SqSmYcSi80Qa6w'],23139997,5636,3454,Canada,"<a href=""http://twitter.com/download/iphone"" rel=""nofollow"">Twitter for iPhone</a>",2,1,6,have you heard my reimagined version of the 1988 martikatunes billboard hit toysoldiers then today is your lucky day click below to hear the 2021 version of an already amazing classic ,['https://open.spotify.com/track/7GC09DZRBw5Qse6Xl6JNlG?si=IeE_kx39SqSmYcSi80Qa6w']
1363783924405702659,HeroinVerbal,"tell me how come @KIIARA
 https://t.co/Zb8WBV1QV1 how come i still do ! huh!! 🤍 #Spotify #kiiara #istilldo Because you don't wanna ignore good advice #twitter #BehindHerEyes #AmericanIdol #billboard",2021-02-22 09:33:20+00:00,en,['https://open.spotify.com/track/1LZZo0JZZ65g5VN3FR0qw4?si=6ImM9QQ6TcOMJteTDIxQoQ'],1160450900151943168,187,58,"Detroit, MI","<a href=""http://twitter.com/download/iphone"" rel=""nofollow"">Twitter for iPhone</a>",0,0,0,tell me how come kiiara how come i still do huh spotify kiiara istilldo because you dont wanna ignore good advice twitter behindhereyes americanidol billboard,['https://open.spotify.com/track/1LZZo0JZZ65g5VN3FR0qw4?si=6ImM9QQ6TcOMJteTDIxQoQ']
1362426670767030276,RODETOUNKNOWN,Thankyousauce • FINESSE OVER YOU (@Thxnkyousxuce) @Thankyousauce #RNB #Spotify #SpotifyStreamOn #SpotifyCharts #Billboard #spotifyplaylist #SPOTIFY #Snowmageddon2021 #poledance  https://t.co/bkfTAsS3zy,2021-02-18 15:40:05+00:00,en,['https://open.spotify.com/track/0fgEPKGw6j3gRtU78ICvud'],74359204,720,4532,Unknown Waters,"<a href=""http://twitter.com/download/android"" rel=""nofollow"">Twitter for Android</a>",1,0,0,thankyousauce finesse over you thxnkyousxuce thankyousauce rnb spotify spotifystreamon spotifycharts billboard spotifyplaylist spotify snowmageddon2021 poledance ,['https://open.spotify.com/track/0fgEPKGw6j3gRtU78ICvud']
1362193122189582339,is_loona,my fiancée and i are enjoying this lovely #tune again on this lovely wednesday evening! #SongOfTheWeek #billboard #WednesdayMotivation #issavibe #songrec #ListenToThis https://t.co/wSO3v5npfr,2021-02-18 00:12:03+00:00,en,['https://open.spotify.com/track/4wGt2KmqMQ7LC5bqPi51sf?si=KAVNd_1tSh6FCeYYkkZ3Lg'],993899452514623489,64,35,she/her/they,"<a href=""http://twitter.com/download/iphone"" rel=""nofollow"">Twitter for iPhone</a>",0,0,0,my fiancée and i are enjoying this lovely tune again on this lovely wednesday evening songoftheweek billboard wednesdaymotivation issavibe songrec listentothis ,['https://open.spotify.com/track/4wGt2KmqMQ7LC5bqPi51sf?si=KAVNd_1tSh6FCeYYkkZ3Lg']
1361780110773411848,ThreeBroth3rs,Top Down #retweet #followtrick #like4like #hiphop #music #trending #spotifyplaylisting #callingcurators #helpmeblowthisrecord #billboard #chartmetrics #teamicy #ceo #branding #butterboyz  https://t.co/eXAN5Kedfk,2021-02-16 20:50:53+00:00,en,['https://open.spotify.com/track/7mo5SGdBW3Q42W1gJkDzZZ?si=6ZUJHcmYTeapDRfr86Y2Tg&context=spotify%3Aplaylist%3A6zMRiXb5oba02bFwWtNszR'],2284347800,2542,2191,"Kentucky, USA","<a href=""http://twitter.com/download/iphone"" rel=""nofollow"">Twitter for iPhone</a>",2,1,3,top down retweet followtrick like4like hiphop music trending spotifyplaylisting callingcurators helpmeblowthisrecord billboard chartmetrics teamicy ceo branding butterboyz ,['https://open.spotify.com/track/7mo5SGdBW3Q42W1gJkDzZZ?si=6ZUJHcmYTeapDRfr86Y2Tg&context=spotify%3Aplaylist%3A6zMRiXb5oba02bFwWtNszR']
1360698510996238336,Project_213,P213 has got a fresh one for ya! - https://t.co/pq7G3pv82o #NewMusicAlert #NewMusic #spotify #indie #music #butterflies #animation #YouTubeMusicNight #project213 #jaycentpublishing #musicsupervisor #musicbusiness #musicindustry #Billboard200 #Billboard https://t.co/F6RkvAw8Ha,2021-02-13 21:13:00+00:00,en,['https://open.spotify.com/track/5nGhwm8ZSGFW7marBMk6cT?si=HDNbQdwVRPCQI_1BBjShvQ'],555590432,1700,3871,"Boise, ID","<a href=""https://about.twitter.com/products/tweetdeck"" rel=""nofollow"">TweetDeck</a>",0,0,0,p213 has got a fresh one for ya newmusicalert newmusic spotify indie music butterflies animation youtubemusicnight project213 jaycentpublishing musicsupervisor musicbusiness musicindustry billboard200 billboard ,['https://open.spotify.com/track/5nGhwm8ZSGFW7marBMk6cT?si=HDNbQdwVRPCQI_1BBjShvQ']
1356125142519320576,eighth_mile,@KIIARA  https://t.co/AithHlROC2 @WORLDSTAR @billboard @PopCraveCharts #lilkiiwi #kiiara #spotify @AtlanticRecords sleepin tf!! #billboard #WORLDSTAR #hiphop #Anghami #Eminem #SoundCloud #CardiB #BailaConmigo #Drake #5yearsofANTI #DoIt4Von #BillieEilish #CelebrityIU,2021-02-01 06:20:04+00:00,en,['https://open.spotify.com/track/41maEkZn6Ad1jA44ChgikU?si=pr7b5OWdT_-_MEQ90nGCrg'],1161437685820641281,192,41,"Detroit, MI","<a href=""http://twitter.com/download/iphone"" rel=""nofollow"">Twitter for iPhone</a>",0,0,0,kiiara worldstar billboard popcravecharts lilkiiwi kiiara spotify atlanticrecords sleepin tf billboard worldstar hiphop anghami eminem soundcloud cardib bailaconmigo drake 5yearsofanti doit4von billieeilish celebrityiu,['https://open.spotify.com/track/41maEkZn6Ad1jA44ChgikU?si=pr7b5OWdT_-_MEQ90nGCrg']
1355427062148902913,JroddyWilson,"#JustBecause We all need inspiration sometimes 
https://t.co/C2QpJF9cnI

https://t.co/1anBHgPFCU #Spotifyplaylist #newmusic #playlistcurator #Billboard #hiphop #rtArtBoost #100DaysOfCode #musica #deezer #tidal",2021-01-30 08:06:08+00:00,en,"['https://open.spotify.com/track/1Cwsd5xI8CajJz795oy4XF', 'https://open.spotify.com/playlist/6N6l2de1y6qgacewo4t3GC']",509308864,5712,6290,"Memphis, TN","<a href=""http://www.reverbnation.com/"" rel=""nofollow"">ReverbNation</a>",9,1,7,justbecause we all need inspiration sometimes spotifyplaylist newmusic playlistcurator billboard hiphop rtartboost 100daysofcode musica deezer tidal,['https://open.spotify.com/track/1Cwsd5xI8CajJz795oy4XF']
1355274536355303424,ArtistLiveTEENs,"@pontiacmadeddg congratulations on #82 on billboard. Moving on 🆙📈🎶
.
.
.
#pontiacmadeddg #ddg #billboardcharts #billboard #charts #waitingforthedrop #comingsoon #moonwalking #artistlivedetroit #artistlivehiphop
▶️https://t.co/Z2YbXfnkBD https://t.co/gqD4hKRXPz",2021-01-29 22:00:03+00:00,en,['https://open.spotify.com/track/7o4gBbTM6UBLkOYPw9xMCz?si=XPpKpuWBSLKiegQjFCjZ0A'],110770617,450,26,,"<a href=""https://www.fanpagekarma.com"" rel=""nofollow"">FanpageKarma_Engage</a>",0,0,0,pontiacmadeddg congratulations on 82 on billboard moving on pontiacmadeddg ddg billboardcharts billboard charts waitingforthedrop comingsoon moonwalking artistlivedetroit artistlivehiphop ,['https://open.spotify.com/track/7o4gBbTM6UBLkOYPw9xMCz?si=XPpKpuWBSLKiegQjFCjZ0A']
1354750773511467009,AquisgranP,"Lovesong de @alliesherlock  for #Billboard 

 https://t.co/IlWDZaCX6c #NowPlaying",2021-01-28 11:18:49+00:00,en,['https://open.spotify.com/track/7r4YO6WYUXguMH1hQCDbn7?si=Nx2t3HeJS-KZEgdPWBP1Cg'],319019022,1704,4975,San Quirico Cataluña España ,"<a href=""https://mobile.twitter.com"" rel=""nofollow"">Twitter Web App</a>",0,0,0,lovesong de alliesherlock for billboard nowplaying,['https://open.spotify.com/track/7r4YO6WYUXguMH1hQCDbn7?si=Nx2t3HeJS-KZEgdPWBP1Cg']
1354679732114247680,thesamu_,"#Flowstar available worldwide #newmusic #NowPlaying #news #spotify #Listige #MatchDay #Billboard #stream #RNB #RNBHitsRadio #rnbmusic #BlackettMusic #LGTWO #Radio #goodmorning #GRAMMYs #Musicstation #trapmusic #BTSV #BTS #LifeGoesOn #playlistcurator 
https://t.co/a5X4naQt2A",2021-01-28 06:36:31+00:00,en,['https://open.spotify.com/track/7t3apbhQtCWR3XKyH7JQkA?si=citxnQTRS_SsJbvhqWEdaQ'],588257837,1599,956,Pereira,"<a href=""http://twitter.com/download/iphone"" rel=""nofollow"">Twitter for iPhone</a>",6,2,7,flowstar available worldwide newmusic nowplaying news spotify listige matchday billboard stream rnb rnbhitsradio rnbmusic blackettmusic lgtwo radio goodmorning grammys musicstation trapmusic btsv bts lifegoeson playlistcurator ,['https://open.spotify.com/track/7t3apbhQtCWR3XKyH7JQkA?si=citxnQTRS_SsJbvhqWEdaQ']
1353074990732595201,SANDRO_NYC,Now streaming  on @Spotify  #larevancha #Spotify #music #Billboard #AHORA https://t.co/nWE2FINKPj,2021-01-23 20:19:51+00:00,en,['https://open.spotify.com/track/2iaJcZPM1HWkXwGwNFjorc?si=Et7prJ1jRreTC6y4X7K-Rg'],23593867,3673,457,"New York, USA","<a href=""http://twitter.com/download/iphone"" rel=""nofollow"">Twitter for iPhone</a>",0,0,3,now streaming on spotify larevancha spotify music billboard ahora ,['https://open.spotify.com/track/2iaJcZPM1HWkXwGwNFjorc?si=Et7prJ1jRreTC6y4X7K-Rg']
1350126284844634115,mcuBTR,"Elevate a little higher
Let's throw a party in the sky and celebrate
Elevate until we fly, yeah
Mo-move your feet until you levitate
Come on let's elevate!

 - 'Elevate' song by @bigtimerush

Spotify -
https://t.co/2OFH4SUxm5

#BigTimeRush #popmusic #Spotify 
#Billboard #MTV #BTR",2021-01-15 17:02:45+00:00,en,['https://open.spotify.com/track/3G8Sk6j8DHR6TBxMLPNYU1?si=mzH21aiNRZSBPmCJ7_H3Mg'],1347510186697654275,193,201,,"<a href=""http://twitter.com/download/android"" rel=""nofollow"">Twitter for Android</a>",0,0,1,elevate a little higher lets throw a party in the sky and celebrate elevate until we fly yeah momove your feet until you levitate come on lets elevate elevate song by bigtimerush spotify bigtimerush popmusic spotify billboard mtv btr,['https://open.spotify.com/track/3G8Sk6j8DHR6TBxMLPNYU1?si=mzH21aiNRZSBPmCJ7_H3Mg']
